1895/04/17	日本與大清雙方代表於下關港簽署《下關條約》，臺灣以及澎湖群島的主權正式轉移。
1895/05/08	於清國芝罘交換日清講和條約批准書，台灣及澎湖島歸日本領土。
1895/05/10	唐景崧公告創建臺灣民主國。
1895/05/10	日本海軍中將樺山資紀擢升為大將，並成為首任臺灣總督。
1895/05/13	下關條約批准并公告。
1895/05/15	末任巡撫唐景崧發布〈臺民布告〉。
1895/05/21	水野遵被任命為臺灣總督府民政局長。
1895/05/24	樺山資紀搭乘橫濱丸自廣島宇品出發前往接收臺灣。
1895/05/25	臺灣民主國成立，唐景崧出任大總統，劉永福擔任大將軍，丘逢甲任義勇軍首領，並發布〈臺灣民主國獨立宣言〉。
1895/05/29	日軍於澳底登陸。
1895/06/02	樺山資紀與李經芳在基隆外海，完成臺灣主權的交接。
1895/06/03	日本近衛師團攻陷獅球嶺砲台並佔領基隆，民主國軍隊退回臺北城引發動亂。
1895/06/05	樺山資紀於基隆上陸，於基隆舊稅關建築內設臨時總督府。
1895/06/05	大總統唐景崧從淡水搭乘德國郵輪ア－サ－號逃亡廈門。
1895/06/07	日本近衛師團佔領臺北城。
1895/06/09	樺山資紀寄兩箱臺灣芭蕉獻給日本天皇，為臺灣產的芭蕉獻上天皇的開始。
1895/06/14	樺山資紀等文武官僚進入臺北城。
1895/06/14	臺灣事務局官制公布。
1895/06/17	臺灣總督府開廳，舉行總督府始政式，是日定為臺灣始政紀念日。
1895/06/17	臺灣與清國福州電信局開始通信，開始收發公眾電報。
1895/06/22	日本近衛師團佔領新竹城。
1895/06/25	臨時臺灣電信建設部官制，以及臨時臺灣燈標建設部官制公布。
1895/06/28	臨時臺灣地方官官制制定。
1895/06/28	日本船姬路丸於澎湖島北島附近，觸礁沉沒。
1895/06/28	日本第十六水雷艇於澎湖島近海遭遇海難。
1895/07/01	臺灣野戰郵便開始營運。
1895/07/06	臺灣人民之軍事犯處分令開始施行，及臺灣租稅蠲免發布。
1895/07/19	日本外務大臣對各國公使發布臺灣領有權宣言。
1895/07/29	近衛師團從台北出發進入新竹城，進行第二期攻擊行動。
1895/08/01	樺山總督發出運動體育注意訓示，呼籲小心臺灣炎熱天氣。
1895/08/05	股部露出禁止，日本內地人於臺灣禁止露出大腿外出行動。
1895/08/07	臺灣島與菲律賓群島間，日本與西班牙國版圖境界協議完成。
1895/08/07	日本混成第四旅團長伏見宮貞愛親王抵達臺灣總督府。
1895/08/08	臺灣保良局設立。
1895/08/15	近衛師團攻佔苗栗。
1895/08/20	陸軍中將子爵高島鞆之助任臺灣副總督。
1895/08/20	樺山總督對劉永福發出勸降書。
1895/08/26	近衛師團攻佔臺中。
1895/08/27	近衛師團攻佔彰化城。
1895/09/02	民政局殖產部押川則吉與臺北縣知事橋口文藏，派人前往大嵙崁招撫原住民。
1895/09/05	因暴風雨造成淡水河氾濫，臺北艋舺及大稻埕各街淹水。
1895/09/07	阿片吸食禁止，日本軍人軍屬軍夫禁止吸食。
1895/09/09	獨立工兵中隊搭乘海城丸於航行中發生コレラ（Cholera 霍亂）傳染，被集中在彰化北斗做陸上隔離。
1895/09/11	乃木希典第二師團抵達基隆。
1895/09/13	臺灣總督府民政局轄下設立地租調查委員會。
1895/09/14	彰化附近滯留的近衛師團感染熱病人數眾多，一個中隊健全者僅剩三四十名。
1895/09/16	日本憲兵八百三十一名抵達基隆。
1895/09/16	臺北東瀛書院內設立南進軍司令部，副總督高島鞆之助任司令官。
1895/09/22	臺灣總督府下設立法令取調委員會。
1895/09/23	臺灣鐵道隊抵達基隆。
1895/09/24	臺灣礦業規則發布。
1895/09/27	於臺灣各地開始配置警察官。
1895/09/29	近衛步兵第二旅團長陸軍少將山根信成，進軍彰化時感染マラリア(瘧疾)而陣亡，享年四十五。
1895/10/07	近衛師團左側支隊攻佔雲林，日軍死傷三十餘人，臺民死傷六百餘人。
1895/10/08	南進軍司令部對居住在臺南及安平的外國人，發布退避告知書。
1895/10/09	近衛師團攻佔嘉義城，日軍死傷十二人，臺民死傷三百餘人被俘四百餘人。
1895/10/10	混成第四旅團於布袋嘴登陸。
1895/10/10	英國領事搭乘英國軍艦ピック號抵達澎湖，向有地常備艦隊司令官交付劉永福所託之書信。
1895/10/11	乃木希典所率之第二師團登陸枋藔。
1895/10/11	高島鞆之助副總督退回劉永福之講和書。
1895/10/12	第二師團佔領東港。
1895/10/15	常備艦隊砲擊打狗砲臺，陸戰隊隨即佔領砲臺。
1895/10/16	第二師團佔領鳳山城。
1895/10/16	劉永福經由軍艦秋津洲第三度送講和書，到布袋嘴外海的南進軍司令部。
1895/10/17	南進軍司令部登陸布袋嘴，抵達鹽水港。
1895/10/18	臺灣度量衡販賣規則發布。
1895/10/18	近衛師團長北白川宮能久親王開始發高燒。
1895/10/18	淡水福州間海底電信開通。
1895/10/19	台灣民主國大將軍劉永福逃至廈門，台灣民主國崩潰。
1895/10/19	混成第四旅團佔領蔴豆。
1895/10/20	混成第四旅團攻抵曾文溪。
1895/10/21	第二師團山口支隊臺南入城，陸戰隊佔領安平砲臺俘虜五千清兵。
1895/10/22	病懨懨的北白川宮能久親王被用擔架抬進臺南城。
1895/10/23	被俘虜之五千清兵在安平搭乘旅順丸，運往清國金門島。
1895/10/28	北白川宮能久親王上午七時逝世。
1895/10/30	砂金署章程竝砂金採取規則制定。
1895/10/31	官有林野及樟腦製造取締規則發布。
1895/11/01	清國人臺灣上陸條例發布。
1895/11/06	南進軍編制解除。
1895/11/17	臺灣住民刑罰令、治罪令、民事訴訟令及監獄令發布。
1895/11/18	臺灣及澎湖島住民退去條規發布。
1895/11/20	阿片罪不問，臺灣住民刑罰令中臺灣人阿片烟相關罪責免除。
1895/11/27	氣象電報開始，由臺灣總督府向香港觀象臺發送氣象電報，乃臺灣氣象電報向國際發送的開始。
1895/12/04	樺山資紀總督跑到北投溫泉，做病院建設地視察。
1895/12/08	故北白川宮追悼會在總督府西轅門廣場舉行。
1895/12/14	日本內務省衛生局長後藤新平對臺灣鴉片制度提出意見書，第一案嚴禁與第二案漸禁方法兩案具陳。
1895/12/18	在原本東瀛書院處興建淡水館，當作臺北文武官員的娛樂場所。
1895/12/21	澎湖島電信通信所開設。
1895/12/23	臺灣總督府內設置臺灣語講習所，為雇員以上階級傳授臺灣語。
1895/12/23	臺南鳳山間軍路建設完成。
1895/12/26	恆春兵站電信所開設。
1895/12/27	西部標準時訂定，以東經120度子午線為基準，訂定台灣、澎湖、八重山宮古島為西部標準時間。
1895/12/28	鳳山打狗間軍路建設完成。
1895/12/30	宜蘭地方土匪蜂起，首領林大北及林李成，襲擊頂雙溪和瑞芳。
1895/12/31	半夜在觀音山頂烽火燃起，同時間數百名土匪聚集襲擊臺北城南門。
1896/01/01	北部抗日首領陳秋菊與新竹胡阿錦，率領部眾襲擊臺北城，兩三百名在東南門與日本守備兵交火。
1896/01/01	總督府雇員以上階級被交付槍枝，編成備急隊防衛臺北城。
1896/01/01	抗日群眾襲擊八芝蘭，住士林的日本學務部員楫取道明等六名老師被殺害。
1896/01/03	英國軍艦入港淡水，英軍水兵登陸保衛英國領事館。
1896/01/10	台灣各野戰郵局開始收發普通郵便。
1896/01/17	混成第七旅團攻擊抗日首領林李成與林大北，佔領礁溪。
1896/01/18	台灣本島原有之廟宮寺院保存相關諭示發布。
1896/01/22	內藤大佐率討伐隊燒毀陳秋菊在烏月庄的居所。
1896/01/28	台北城門夜間閉鎖，僅西門與北門可以進出。
1896/01/28	混成第七旅團自登陸蘇澳開始討伐以來，殺戮一千五百名抗日人士。
1896/01/30	臺灣阿片令（日语：台湾阿片令）發布。
1896/01/31	混成第七旅團在宜蘭民壯圍攻擊行動中，殺害一百零九名抗日人士。
1896/02/03	李春生敘勳六等。
1896/02/05	臺灣本島派遣艦隊以澎湖島馬公港為常碇泊地。
1896/02/08	台南曾文溪間輕鐵竣工。
1896/02/14	中南部道路完成，自台中起經彰化、嘉義、台南、鳳山到打狗的道路竣工。
1896/02/16	混成第七旅團於宜蘭方面自行動開始以來殺戮抗日人士2454人，憲兵部殺戮了377人。
1896/02/24	一般阿片輸入禁止，但藥用阿片使用被許可。
1896/02/29	二月以來搜查部隊在台灣武器搜查的同時進行戶口調查，乃臺灣島首次的戶口調查。
1896/03/02	英國商船アムバ－號在澎湖島海域觸礁，24名船員獲救。
1896/03/05	匪徒鎮定島民綏撫諭示發布。
1896/03/05	因應腳氣病流行，臺灣總督府內文武官員供應麥飯。
1896/03/16	南部軍路完成，鳳山東港間以及台南蕃薯藔間軍路完成。
1896/03/27	大甲溪以南兵器搜索任務結束。
1896/03/30	法律六三號公布，以此臺灣總督在管轄區域內發布的命令，具有法律的效力。
1896/03/31	臺灣總督府條例竝民政局官制公布。
1896/03/31	軍政撤廢，回復民政。
1896/03/31	台灣地方官制公布，台灣島設臺北、臺中、臺南三縣及澎湖島一廳，設撫墾署掌理原住民區域事務。
1896/03/31	臺灣諸官制發布，總督府稅關、直轄學校、郵便及電信局、燈臺所、測候所、製藥所各官制，總督府評議令章程及文官特別任用令發布。
1896/03/31	日本內閣中設置拓務省，掌理臺灣及北海道之政務。
1896/03/31	日本藝妓第一次來到臺灣，臺北西門街料理業養氣樓招聘藝妓小花，為日本內地人藝妓來台的第一人。
1896/06/02	桂太郎出任第二任臺灣總督。
1896/06/12	臺灣總督府基隆築港調查開始。
1896/06/28	日本林杞埔憲兵屯所(今南投竹山)被300名抗日義民包圍，激戰之後日本憲兵隊不敵而往雲林撤退。
1896/07/01	於臺北士林街芝山巖，舉行學務官僚遭難建碑式。
1896/08/28	臺北縣滬尾水道工事開始進行。
1896/09/02	恆春國語傳習所分教場在豬朥束社設立，乃臺灣原住民教育的第一步。
1896/09/13	大嵙崁大平庄原住民出草，共23個臺灣人頭被砍下。
1896/09/25	陸軍中尉長野義虎完成橫貫中央山脈壯舉。
1896/10/14	乃木希典出任第三任臺灣總督。
1896/12/09	大倉喜八郎（日语：大倉喜八郎）來台視察。
1896/12/20	臺中縣測候所完成，開始進行氣象觀測。
1896/12/27	乃木希典的母親ひさこ(壽子)仙逝，生前希望與子永住台灣，故葬於臺北三板橋墓地，享年69。
1897/01/03	東京帝國大學教授緒方正規及山極勝三郎在臺完成ペスト病(鼠疫)之調查研究，返回東京。
1897/01/09	臺北電燈會社，發行股票募集資金。
1897/01/09	襲擊水返腳約一百名抗日人士，遭到日軍擊退。
1897/01/10	花蓮港守備隊與在地原住民發生激戰後佔領新城，將校以下死傷十五名。
1897/01/10	襲擊鳳山約六百名抗日人士，遭到日軍守備隊擊退。
1897/01/11	陸軍大尉深堀安一郎以下十五名，出發進行埔里社花蓮港間中央山脈橫斷道路探險。
1897/01/12	日本皇太后逝世，本日起五天內禁止發棺、死刑執行及囚人服勞役暫停，禁止唱歌跳舞。
1897/01/18	教育勅語漢譯文公布。
1897/01/18	大屯山下大雪。
1897/01/19	新營庄守備隊於大石公附近遭到八十名抗日人士包圍襲擊，守備隊死傷十六人。
1897/01/21	臺灣鴉片令發布。
1897/01/29	湯地中佐指揮攻擊太魯閣蕃開始。
1897/01/31	因日本皇太后逝世，減刑諭告發布。
1897/02/01	臺灣貨幣及銀行之政務，歸屬日本大藏大臣管轄之件發布。
1897/02/09	嘉義地方降霜，農作物受害頗巨。
1897/02/12	宜蘭強震，自同治7年之後時隔30年後最大地震。
1897/03/25	深堀安一郎大尉一行自トロック社出發攀越アプ山前往カシッシッ後，行蹤不明。
1897/02/15	太魯閣蕃討伐中止。
1897/02/19	鯉登大尉一行自烏來屈尺ウライ社出發，經リモガン社等抵達宜蘭。
1897/02/24	總督府特別會計法公布。
1897/02/27	抗日首領陳代能等八十名，向坪林尾守備隊請求歸順。
1897/03/02	太平頂抗日首領陳貓選被捕獲。
1897/03/11	步兵少佐菊地主殿等文武官員一行，搭乘福井丸前往蘭嶼探險。
1897/03/14	俄羅斯帝國軍艦ルコニロフ號，進入澎湖。
1897/03/14	臺北電燈總會舉行創立總會。
1897/03/16	臺灣契稅規則發布。
1897/03/17	臺灣中央衛生會規則發布。
1897/03/19	攝津丸自卑南沿東海岸航行入港基隆，乃臺灣來回東海岸營運商船的開始。
1897/03/19	日本皇后陛下對在台因鎮撫土匪而失去手足的軍人，賜予義肢。
1897/03/24	澎湖萬歲井紀念碑，舉行落成式。
1897/03/24	日本郵船會社經營福州、廈門經香港到基隆、淡水及打狗的航線，開始營運。
1897/03/30	臺灣銀行法發布。
1897/03/30	臺北東門學校開校，乃臺灣小學校的嚆矢。
1897/04/01	臺灣鐵道事務自陸軍臨時臺灣鐵道隊，移轉給臺灣總督府民政局。
1897/04/01	國語學校講習員與特別科學生，以及臺北國語傳習所學生於淡水館舉行卒業證書授與式，乃木希典到場。
1897/04/05	約六十名土匪襲擊礁溪。
1897/04/06	臺北製氷株式會社設立。
1897/04/12	臺灣總督府巡查看守教習所官制公布。
1897/04/16	臺灣戒嚴令施行之件公布。
1897/04/18	臺北米穀市場創立總會於大稻埕建昌街公會堂舉行。
1897/04/20	痘漿接種禁止，禁止將牛痘痘瘡患者之痘漿痘痂接種於人體。
1897/04/21	臺灣各開港市場中，外國人雜居地制定。
1897/04/23	英國女皇即位六十年紀念祝典於英國領事館舉行，乃木希典到場。
1897/04/24	土匪約四百名襲擊東港，接著轉包圍潮州庄憲兵屯所。
1897/04/26	駐在打狗的西班牙領事，ユーリクオルチッズ到任。
1897/04/27	訓令本島駐紮軍隊糧食使用臺灣米。
1897/04/27	宜蘭臺東埔里社三個地方，土民軍採用。
1897/04/28	東港潮州附近土匪蜂起交通中斷，派軍艦海門往東港迴行聯絡。
1897/04/29	外國人土地建物賣渡規則發布。
1897/04/30	臺南地方自三月二十三日鼠疫開始爆發以來，患者共一百四十三名，其中九十七人死亡。
1897/04/31	臺北藥業組合設立。
1897/05/01	臺灣本島人因為入籍日本期限逼近，加上土匪到處張貼謠言檄文，本島資產家不少往中國搬遷。
1897/05/08	日清講和條約中臺灣住民去就決定日到期，臺北縣中有一千五百七十四人，臺中縣有三百零一人，臺南縣有四千五百餘人，澎湖島有八十一人的住民選擇離開臺灣。
1897/05/08	抗日首領陳秋菊一群於拂曉襲擊台北城，在大稻埕放火劫掠，在憲兵及警察官反擊後撤退，首領詹振以下兩百餘名遭擊斃。
1897/05/08	臺灣日報日刊新聞號發刊。
1897/05/13	三張犁聚集土匪遭日軍攻擊，四十四名被戮。
1897/05/15	京都角力大碇一行自本日開始，於臺北新起街芝居小屋跡，舉行表演。
1897/05/16	臺灣與日本間海底電線布設竣工。
1897/05/16	大稻埕警察署設置。
1897/05/16	大阪商船會設基隆支店設置，並於臺北設置出張所。
1897/05/26	國語學校女子部開設，乃臺灣本島人女子教育的發端。
1897/05/26	臺北市區計劃委員會設置。
1897/05/27	地方制度改正，臺北、新竹、臺中、嘉義、臺南、鳳山六縣，以及宜蘭、臺東、澎湖三廳設置，廳下撫墾署改為辨務署。
1897/05/27	臺灣總督府醫院官制公布。
1897/05/27	街庄社長設置公布。
1897/05/27	銃砲火藥取締規則發布。
1897/05/27	醫院長任命，民政局技師山口秀高任臺北縣醫院長，鈴木文雄任臺南縣醫院長，原勇四郎任臺中醫院長。
1897/05/30	臺灣住民內地渡航規則發布。
1897/05/30	臺北市內共同便所新設。
1897/06/01	內臺間電信開始，日本跟臺灣間電報發報接收開始，但僅限於官方電報。
1897/06/02	英國軍艦プロパ－號，靠港淡水。
1897/06/06	臺北出火，臺北市北門外街祝融肆虐，共有60多戶遭到焚毀。
1897/06/18	國語學校第四附屬學校併置，入學之日本內地人兒童男生三十七名女生二十四名，為日本內地人兒童在台灣受教育之發端。
1897/06/21	生蕃內地觀光，臺灣總督府為了教育臺灣原住民，招待原住民首領前往日本觀光...。
1897/06/28	新高山命名，臺灣最高峰被命名新高山。
1897/07/01	辨務署長需擔任民事訴訟調停的工作，命令公布。
1897/07/01	臺灣私設鐵道用地之地租免除之件發布。
1897/07/01	北投療養所新築工事開始。
1897/07/07	臺灣死刑執行規則發布。
1897/07/11	臺北本島人紳商組成衛生合資會社，經營之屠獸市場開業。
1897/07/16	臺灣與日本兩地間公眾電報，開始營運。
1897/07/17	尾上少佐率領二中隊，上大屯山剿土匪。
1897/07/20	曾根靜夫上任臺灣民政局長。
1897/08/05	蕃人內地觀光，藤根技師帶領被招待的臺灣原住民頭目マロ以下11名，出發前往日本觀光...。
1897/08/08	因暴風雨襲擊，臺北淡水河上架設的大橋橋梁墜河流失。
1897/08/18	鳳山疑獄事件，鳳山縣書記官柴原龜二以下七名因監守盜罪遭到拘捕。
1897/08/18	日軍佐藤少佐及石塚大尉在雲林受到抗日群眾襲擊時，率隊退卻跑去躲起來，遭判決流刑二十年。
1897/08/27	臺灣軍用電信線改列為普通電信線，規遞信大臣及臺灣總督管轄。
1897/08/29	臺灣樟腦油稅則發布。
1897/08/31	拓殖務省官制廢止，改於日本內閣中設置臺灣事務局。
1897/09/01	臺灣總督府下設置生蕃取締調查委員。
1897/09/01	銀貨公納內定，日本政府供應一圓銀貨以支應公納支出。
1897/09/07	臺灣總督府民政局縣治課長高橋虎太搭乘軍艦天龍號跑去龜山島探險五天，今日回府。
1897/09/07	北部抗日首領盧阿爺一群人襲擊八芝蘭石閣庄村莊，搶奪財物及擄走民眾八十三人。
1897/09/21	恆春地方法院院長八田一精轉任澎湖島地方法院長。
1897/10/01	臺灣各地方廳轄下之辨務署，自本年七月開辦以來全部設置開廳。
1897/10/01	山口秀高醫院長出差到香港及新加坡視察。
1897/10/01	故北白川宮靈祠，決定在臺北圓山設立。
1897/10/12	英國軍艦フイニックス號，入港淡水。
1897/10/20	一圓銀貨公納使用規則發布。
1897/10/20	國語學校移轉到臺北南門新築校舍，舉行開校式。
1897/10/23	台灣協會發起會於臺北建昌街舉行。
1897/10/23	對院長免除命令不服的高野孟矩提出的歸任屆，遭總督乃木希典退回。
1897/10/28	鐵道用材料土石竹類等，無償供應台灣鐵道敷設工事的創業者。
1897/11/01	臺灣總督府構內設置電信取扱所。
1897/11/14	火燒島及紅頭嶼管轄權，歸屬臺東廳管轄。
1897/11/14	乃木希典出發到大湖苗栗附近，作蕃地視察。
1897/11/14	有鑑於臺灣原住民及土匪攻擊猛烈，新竹廳與宜蘭廳轄下各要地設置警丁。
1897/11/15	苗栗、彰化及雲林三處地方法院關閉。
1897/11/22	六十名抗日人士襲擊太平頂，後遭擊退。
1897/11/27	由臺南教育會主辦，舉行孔聖祭典。
1897/11/28	宜蘭、臺東及埔里社三處，各自募集護鄉兵八十名。
1897/11/30	抗日人士襲擊鹽水港辨務署，石原辨務署遭殺害。
1897/12/01	臺灣第一所幼稚園-臺南幼稚園設立，首任園長蔡夢熊。
1897/12/15	日本政府開始對臺灣本島人勸誘，加入郵便貯金。
1897/12/18	臺灣俱樂部創立總會於臺灣總督府內舉行。
1897/12/18	高野孟矩事件在臺灣輿論間沸騰，台灣總督府高等法院院長兼法務部長高野孟矩因糾舉總督府內高官貪汙而遭免兩項職務。
1897/12/19	劇場浪花座開幕，為臺北市第一家劇場。
1897/12/19	臺北測候所移轉到新築廳舍。
1897/12/20	米穀市場移轉到新築廳舍開業。
1897/12/24	汽船奈良丸在澎湖吉貝島海域沉沒，僅5人生還，溺斃者勝沼船長以下乘組員60餘名，乘客26名，安田海軍中佐以下約70名軍人皆溺死。
1897/12/25	打狗及安平警報信號所設置。
1898/01/07	日臺學校自台北大稻埕千秋街，移轉到建昌街。
1898/01/08	埔里社護鄉兵開始日本語教育。
1898/01/09	法院以及行政廳所設置之訴箱，公告廢止。
1898/01/10	抗日人士林慶以下61名，向坪林尾分遣隊自首。
1898/01/18	淡水館開放，供市民集會及娛樂場使用。
1898/01/22	臺北商會舉行發會式。
1898/01/30	警報信號所設置於基隆三沙灣鼻，以及媽宮城小西門外。
1898/02/08	臺灣事務局移管，原本臺灣總督府條例中臺灣總督受內閣總理大臣監督改成內務大臣轄下，臺灣事務局移至內務省。
1898/02/13	七堵竹仔藔隧道舉行開通式。
1898/02/14	臺北電燈會社決議解散。
1898/02/15	臺北人造肥料會社開始營業。
1898/02/23	臺北俱樂部發起人會，於十字屋舉行。
1898/02/25	臺南招魂祭，於北門外陸軍練兵場舉行。
1898/02/26	公告兒玉源太郎出任第四任臺灣總督。
1898/03/02	公告後藤新平出任臺灣總督府民政長官。
1898/03/04	臺灣總督府國語學校附屬學校內，設置中學科。
1898/03/06	南庄腦業組合，舉行開業式。
1898/03/09	混成第二旅團開始討伐抗日人士柯鐵、劉德杓以及林發。
1898/03/10	台灣北部抗日首領盧阿爺、簡大獅率領約四百人，襲擊磺溪頭憲兵屯所。
1898/03/16	法制局參事官石塚英藏，改任臺灣總督府參事官。
1898/03/18	臺灣中部發生鼠疫，在鹿港及彰化蔓延。
1898/03/20	抗日人士襲擊阿公店辨務署，財物被洗劫一空。
1898/03/25	被收監中的辜顯榮，免訴出獄。
1898/03/28	兒玉源太郎總督及後藤新平民政局長，到任。
1898/04/03	臺南測候所，新築落成。
1898/04/05	總督府判任文官及巡查看守，兼任土語通譯者可發給特別津貼。
1898/04/15	彰化貸座敷，公許地區制定。
1898/04/23	蕃情研究會組織設立。
1898/04/29	臺灣新報以及臺灣日報，廢刊。
1898/04/30	烟政(阿片)須知頒布。
1898/05/01	臺灣新報及臺灣日報廢刊後，由兩家合併而成的臺灣日日新報發刊。
1898/05/01	大阪公司解散，此乃大阪藤田、住友及台中林紹堂合組之樟腦製造販賣商會。
1898/05/02	臺中縣知事村上義雄，改任臺北縣知事。
1898/05/03	台灣住民擔任守備隊附屬軍役者，准予攜帶槍械。
1898/05/10	鵝鑾鼻燈臺，點火開始。
1898/05/14	臨時檢疫局事務官志賀潔來臺，進行鼠疫血清療法試用及鼠疫調查。
1898/05/15	兒玉總督為了臺北縣下艋舺養濟堂，發起慈善事業基金募集。
1898/05/15	共同礦業岀願規則，以及共同礦業總代規則發布。
1898/05/21	臺灣船籍規則，以及臺灣航路標識規則發布。
1898/05/30	彰化市街鼠疫盛行。
1898/05/30	臺北礦業組合，認可發布。
1898/05/30	台灣自本年初鼠疫傳染流行以來，患者共一千零一十六名、因鼠疫死亡七百零九人。
1898/06/02	臺北大工職組合成立。
1898/06/02	製藥所移轉到臺北小南門外新築廳舍。
1898/06/07	伊澤修二學務顧問到任。
1898/06/09	臺灣茶商公會役員選舉，并選出會長郭春秧，副會長松本龜次郎。
1898/06/15	大谷派本願寺學校，於臺北開設。
1898/06/20	臺灣總督府及地方官官制改正公布，臺北、臺中、臺南三縣及宜蘭、臺東、澎湖三廳設置，撫墾署廢止改設辨務署。
1898/06/20	三段警備法撤廢。
1898/06/20	警察官及司獄官練習所官制公布。
1898/06/20	總督府民政局改稱民政部，民政局長改稱民政長官。
1898/06/22	軍役壯丁規則發布。
1898/06/26	基隆慈善會舉行發會式。
1898/06/28	臺北北門新市場舉行落成式，大稻埕魚菜市場舉行開業式。
1898/06/30	郵便及電信局官制公布。
1898/07/01	臺南本島人公娼許可發布。
1898/07/02	公醫候補生規則發布。
1898/07/03	臺灣國語學校師範部學生，舉行第一屆卒業證書授與式。
1898/07/05	台北及新竹的火車站，開始販售一張五錢的入場券。
1898/07/06	警察官及司獄官練習所規則發布。
1898/07/08	醫院長任命，任命山口秀高為總督府醫院長、任命鈴木文雄為臺南醫院長，任命馬島珪之助為臺中醫院長。
1898/07/16	民事商事及刑事法律適用，律令發布。
1898/07/17	臺灣地籍規則及土地調查規則發布。
1898/07/19	法院條例改正，三級審制度改為二級審制度。
1898/07/22	混成第一旅團開始攻擊マイバライ社。
1898/07/28	臺灣公學校官制及臺灣小學校官制發布。
1898/07/28	後藤新平民政長官前往宜蘭礁溪公園，招撫投誠的抗日義民林火旺等三百多人，此為兒玉總督實行招撫抗日義民政策的第一次行動。
1898/07/30	日本一圓銀圓無限制通用，律令發布。
1898/07/31	台灣人開始擔任法院判官通譯，為台灣人判任官採用的發端。
1898/07/31	基隆大火，義重橋街住家共有102戶遭祝融焚毀。
1898/08/06	臺北大暴風雨，臺北房屋全倒者390戶，85人死亡。
1898/08/07	受到暴風雨襲擊，劇場臺北座及基隆守備隊兵舍倒塌。
1898/08/14	宜蘭歸順抗日志士改從事道路開鑿，舉行起工式。
1898/08/26	臺北艋舺蓮花街附近，夜間有匪徒出沒。
1898/08/28	臺灣總督府國語學校第三附屬學校規程發布，乃臺灣女子教育的開始。
1898/08/31	保甲條例發布。
1898/09/01	臨時臺灣土地調查局官制公布。
1898/09/05	臺灣土地調查局開廳。
1898/09/10	臺灣北部抗日匪徒簡大獅一派，於芝山巖舉行歸順宣誓式。
1898/09/15	雲林守備隊受抗日人士攻擊，將校以下死傷七名。
1898/09/18	北投匪徒出沒，佐佐木照山等三名受攻擊負傷。
1898/09/23	臺南娼妓治療所開幕了，舉行開所式。
1898/09/25	三角湧辨務署受到抗日人士包圍襲擊，日軍反擊臨機處分下處死二百零八人，燒毀家屋六十戶。
1898/09/29	總督府參事官室內，設置調查掛。
1898/09/30	臺灣協會組織完成，會報開始發刊。
1898/09/31	內地人就學兒童，全島三百三十人。
1898/10/13	清國人茶工券規則發布。
1898/10/16	大稻埕居民組織稻江俱樂部。
1898/10/22	臺灣事務局官制廢止，日本內閣內務省內設置臺灣課。
1898/10/23	雜誌高山國，第一號發刊。
1898/10/25	臺北商工會舉行發會式。
1898/11/04	臨時臺灣土地調查局，移轉到總督府內的新廳舍。
1898/11/05	匪徒刑罰令發布。
1898/11/05	臺北市區計劃委員設置。
1898/11/10	書房義塾規程發布。
1898/11/23	第二旅團進行的南部土匪討伐告一段落，共殺戮二百一十八人、逮捕三百二十四人及沒收槍枝五百餘挺。
1898/12/06	第三旅團自上月二十九日進行的土匪討伐至今，殺戮人數約五百人，逮捕一百八十人。
1898/12/07	臺灣福州間海底電線由日本購併，舉行條約書簽約。
1898/12/11	北部抗日首領簡大獅的根據地燒糠藔受日軍攻擊佔領，簡大獅逃跑行蹤不明。
1898/12/12	雲林憲兵隊在チョキョウ社抓到清國將領劉德杓，以及柯鐵的父親。
1898/12/13	總督府學務課完成日臺小字典編纂。
1898/12/14	臺北偕行社舉行創開式。
1898/12/17	重罪輕罪控訴豫納金規則發布。
1898/12/18	南部抗日首領林天福林少貓等蜂起，襲擊潮州辨務署及包圍恆春城。
1898/12/18	臺北行旅病人收容所設置。
1898/12/28	第三旅團擊斃抗日人士四百人、逮捕五百零一人，第二旅團擊斃抗日人士四十四人、逮捕二十一人及沒收小槍三十三挺。
1898/12/30	保稅倉庫法律令發布。
1898/12/31	土匪暴戾，今年中因土匪禍害被殺害者有495人，因而負傷者619人，被土匪擄走者1295人，被土匪強姦者8人。
1899/01/19	臺北茶商公會組織完成。
1899/01/20	臺灣地方救濟金律令發布。
1899/01/22	臨時法院全部閉止。
1899/01/29	臺灣協會支部於淡水館舉行發會式。
1899/01/30	臺灣北部抗日首領陳秋菊投誠，與兒玉源太郎總督會面。
1899/01/30	新聞臺灣於臺南發刊。
1899/01/31	臺南縣歸順土匪，本月中達到一百三十名。
1899/02/01	臺灣銀行創立委員會，在東京舉行。
1899/02/01	陸軍軍法會議法及陸軍法官部條例公布。
1899/02/08	明治29年法律第六十三號中改正法律公布，且六三號法律延長至明治35年。
1899/02/11	臺灣監獄規則公布。
1899/02/19	艋舺保甲局開設。
1899/02/28	英文雜誌フォルモサ，一周二回於台北發行。
1899/02/28	北部匪徒於本月有274人自首。
1899/03/07	兒玉總督巡視澎湖。
1899/03/07	東勢角原住民暴動，罩蘭庄民29人遭到屠戮。
1899/03/14	臺灣鹽務局官制發布。
1899/03/17	南部匪首黃國鎮歸順。
1899/03/22	臺灣事業公債法公布。
1899/03/23	匪首柯鐵與賴福來歸順，舉行歸順式。
1899/03/27	英國東洋艦隊カラクチ-軍艦基隆入港，艦隊司令長官セ-モ-ル拜訪兒玉總督。
1899/03/31	臨時臺灣鐵道敷設部官制公布。
1899/03/31	總督府醫學校官制及總督府師範學校官制公布。
1899/03/31	事業公債三千五百萬圓募集，因應臺灣鐵道建設及基隆築港土地整理等新工事。
1899/03/31	各地方之公醫會設置。
1899/03/31	淡水水道工事竣工。
1899/03/31	保甲條例實施之後，壯丁團編制標準廢止。
1899/03/31	臺南縣轄下ペスト(鼠疫)病例，本月爆發以來共有379名。
1899/04/01	臺灣總督府醫學校舉行「開校式」，首任校長為山口秀高。
1899/04/01	臺灣神社地鎮祭，設於臺北縣芝蘭一堡大直庄大直山，兒玉總督列席地鎮祭。
1899/04/02	淡水香港間定期航路開始，由大阪商船會社的舞鶴隅田川二艘擔綱。
1899/04/03	民政部物產陳列館開館。
1899/04/07	土地申告事項異動屆出，規則發布。
1899/04/17	臺灣總督府醫學校授業開始。
1899/04/19	臺灣下水規則發布。
1899/04/26	臺灣食鹽專賣規則發布。
1899/04/26	臺灣本島人以及清國人，民刑訴訟法適用，依事件之輕重難易請求豫審或直接至法院提起訴訟。
1899/05/01	臺灣日日新報社發起本島事業家之投票募集。
1899/05/11	設置於臺北府前街筑紫館之臺北共同檢番事務所開業。
1899/05/12	林少貓投誠，舉行歸順式。
1899/05/15	臺灣食鹽專賣法實施。
1899/05/29	總督府港灣調查開始。
1899/05/29	臺北縣之臺北仁濟院設置。
1899/05/29	臺北商工學校設置。
1899/05/30	全臺維新公會之機關雜誌，公會月報發刊。
1899/05/30	無賃乘船命令發布，凡為了介紹臺灣本島而渡臺之貴族院、眾議院議員與商業會議所總代，得免費乘船乘車。
1899/06/01	臺北醫院開設。
1899/06/01	臺南偕行社舉行創開式。
1899/06/07	臺灣汽船檢查規則發布。
1899/06/15	臺澎日報第一號發刊。
1899/06/16	臺灣銀行頭取決定，添田壽一出任頭取，柳生一義任副頭取。
1899/06/17	臺灣不動產登記規則及鹽田規則發布。
1899/06/22	樟腦及樟腦油專賣及製造規則發布。
1899/06/22	臺灣著作權法及遺失物法施行公布。
1899/06/28	因應女子教育，於公學校內特設女子教場發布。
1899/06/28	基隆水道工事開始。
1899/07/01	為保護防禦叭哩沙樟腦試驗所，設置樟腦局壯丁。
1899/07/07	臺中歸還兵與基隆守備隊兵在基隆發生打架事件，7人輕重傷。
1899/07/10	樟腦局開始，羅東樟腦局舉行開所式，為官營樟腦的第一步。
1899/07/14	輸出稅籍出港稅規則發布。
1899/07/15	臺灣關稅規則發布。
1899/07/16	外國人取扱規則發布。
1899/07/18	清國人及本島人勞働者取締規則發布。
1899/08/04	臺灣海港檢疫規則發布。
1899/08/05	北斗大火，臺中縣北斗街住家兩百餘戶燒毀。
1899/08/06	臺灣窮民救助規則發布。
1899/08/06	臺北測候所創立以來最大的暴風雨來襲，全島官衙民屋受創甚鉅。
1899/08/06	臺灣本島人開始擔任巡查補。
1899/08/06	淡水商業會議所成立，由居住在大稻埕與淡水之外國人組成。
1899/08/17	臺灣花柳雜誌第一號發刊。
1899/08/20	基隆大火，公主生仔街住家百餘戶燒毀。
1899/08/23	小山保政技師仙逝，於臺灣鐵道修復與縱貫鐵道調查方面功勞卓著，明治30年5月起任鐵道部技師打狗出張所所長。
1899/09/10	臺灣公論第一號發刊。
1899/09/14	臺灣總督發布臺灣銀行設立及臺灣銀行券使用之諭告。
1899/09/26	臺灣銀行開始營業，總資本金五百萬圓。
1899/09/26	於臺南縣臺南慈惠院，並於澎湖廳設置澎湖普濟院。
1899/09/26	臺南市區計畫委員設置。
1899/09/29	後藤新平民政長官跑到台灣南部巡視，林少貓之長男林雄到阿猴街六塊厝迎接。
1899/10/02	後藤新平遭難，9月30日乘船至澎湖途中遇上暴風雨，於塗葛堀沖觸礁而返航。
1899/10/02	臺北師範學校於大稻埕日新街，開始授業。
1899/10/03	茶商公會決議為了茶稅全廢，開始請願運動。
1899/10/04	軍役志願者規則發布。
1899/10/15	臺東廳舍舉行落成式。
1899/10/19	臺南俱樂部舉行創立大會。
1899/10/24	基隆稻荷神社鎮座式，位於田寮港風化區末廣新地。
1899/10/25	臺灣鐵道株式會社決議解散。
1899/10/25	兒玉源太郎總督為了臺中縣轄內之養濟院、育嬰堂、留養院等慈惠救濟事業，親自發起基金募集。
1899/10/26	軍艦高千穗於紅頭嶼，救起4名漂流的沖繩縣漁民。
1899/10/31	臺灣商業新報於臺北隔日發行。
1899/10/31	臺灣實業新聞月刊，於基隆發行。
1899/11/05	臺南饗老典於臺南兩廣會館舉行，兒玉總督到場。
1899/11/06	臺北簡易商業學校，開始授業。
1899/11/08	後藤新平兼任總督府鐵道部長。
1899/11/08	長谷川謹介任鐵道部技師長。
1899/11/08	臺北屈尺蕃人バトワタン、サユカン兩人，正式成為赤十字會正社員。
1899/11/26	赤十字會臺灣之部，於臺北縣廳舉行發會式。
1899/11/30	臺灣貯蓄銀行設立，荒井泰治出任頭取。
1899/12/01	臺灣各郵便局開始電報收發業務。
1899/12/02	臺灣罹災救助基金規則發布。
1899/12/02	宜蘭抗日首領林維新歸順。
1899/12/22	地方病調查委員會設置。
1899/12/25	臺灣貯蓄銀行開業。
1899/12/31	本年中依據匪徒刑罰令判處死刑人數為一千零二十三人。
1900/01/01	蔴荳辨務署受到約百名的抗日志士襲擊，署內金錢被搶光。
1900/01/02	日本軍臺南守備隊步工兵，在臺南遊廓風化區內拔劍大亂鬥。
1900/01/20	臺灣文庫舉行創立總會。
1900/01/23	臺灣總督府內設置臨時對岸事務掛。
1900/01/24	臺灣新聞紙條例發布。
1900/01/25	臺灣辯護士規則發布。
1900/02/02	臺灣獸醫免許規則發布。
1900/02/06	臺北大稻埕仕紳黃玉階組織天然足會，倡導矯正台灣女子纏足的弊風。
1900/02/09	抗日首領柯鐵病故。
1900/02/11	臺北商業公會舉行發會式，林望周任首任會長。
1900/02/21	臺灣出版規則發布。
1900/02/22	蕃地占有使用禁止律令發布，禁止任何人以任何名義占有使用原住民土地。
1900/02/24	臺灣警備信號標規則發布。
1900/02/28	臺灣新報發刊。
1900/03/01	臺灣第一個解放纏足的女性，乃大稻埕中街張方的14歲傭人。
1900/03/11	臺灣食鹽請賣規則發布。
1900/03/11	抗日首領簡大獅在清國漳州受到清廷誘捕，遣返台北。
1900/03/15	臺灣水難救護規則發布。
1900/03/15	台北府城西門內的淡水館舉行揚文會，邀集前清進士、舉人及副貢、優貢、拔貢、歲貢、恩貢同科諸士參加，共146名，兒玉總督蒞臨。
1900/03/22	廢止臺北縣與宜蘭縣轄下的警丁與樟腦壯丁，改設隘勇。
1900/03/22	宜蘭抗日首領林火旺，執行死刑。
1900/03/29	抗日首領簡大獅，執行死刑。
1900/03/30	臺北辯護士會建議設置臺灣高等法院。
1900/03/31	臺灣總督府海港檢疫所官制發布。
1900/04/08	臺灣民報社，在淡水館舉行創立總會。
1900/04/13	公布電話交換規則，設立臺北、臺中、臺南電話交換局。
1900/05/04	祝賀皇太子殿下御成婚，當天臺灣在監服刑犯人免除勞役一日。
1900/05/17	因暴風雨倒塌的劇場臺北座完成重建竣工，舉行開場式。
1900/05/27	臺灣蕃人事情編纂完成。
1900/05/27	東京時事新報等二十新聞社記者，為了促進宣傳臺灣，來臺視察可以免費搭乘郵商兩船，往返臺灣日本。
1900/06/12	總督府殖產課小笠原技師，發現阿里山大森林，并完成調查。
1900/06/15	水野遵往生，享年63，在臺灣民政局長任內頗有功績。
1900/06/23	臺北內地人消防組，取締規則發布。
1900/06/23	臺灣總督府開始進行打狗港灣調查。
1900/06/26	由桂太郎創立的台灣協會學校（後來的拓殖大学），設立認可。
1900/07/01	於臺北及臺南，開放一般民眾設置家用電話。
1900/07/05	花蓮港廳暴風雨，房屋倒塌五百餘戶，死者5名。
1900/07/16	樟腦局官制改正發布。
1900/07/16	臺北米穀市場解散。
1900/07/19	後藤新平民政長官兼任樟腦局長。
1900/07/20	十字館劇場，於臺北北門街開場。
1900/07/25	臺灣鹽業株式會社，舉行創立總會。
1900/08/10	臨時臺灣基隆築港局官制公布。
1900/08/12	臺灣家屋建築規則發布。
1900/08/14	臨時臺灣土地調查局官制改正公布。
1900/08/15	臺灣污物掃除規則發布，。
1900/08/16	臺灣鐵道營業律令發布。
1900/08/28	廈門住民暴動燒毀廈門東本願寺，臺灣總督府派遣陸軍土屋少將司令官，率領混成隊由台北前往基隆，準備向廈門進發。
1900/08/29	廈門派遣兵輸送中止，於基隆待命。
1900/08/29	臺灣民報於台北發刊。
1900/09/01	臺灣藥品取締規則發布。
1900/09/08	臺灣總督府監獄官制改正公布，由原本屬地方官管理改由總督府直轄。
1900/09/08	大嵙崁原住民暴動，腦丁一百數十人行蹤不明。
1900/09/09	抗日志士百餘名襲擊臺中縣沙仔崙派出所。
1900/09/11	抗日志士三百名於阿猴街集結，四處劫掠。
1900/09/12	受到暴風雨侵襲，臺北市街浸水，有五名臺灣人行蹤不明，2500人需要急難救助。
1900/09/12	基隆台中航線定期船漢陽丸，遭遇暴風雨而沉沒。
1900/09/17	臺灣協會學校於東京麴區富士見町的臨時校舍，開始授課。
1900/09/18	臺灣神社社格，昇格為官幣大社。
1900/09/30	臺北砲兵工廠廢止。
1900/09/30	臺陽日報於臺南開始發行。
1900/10/01	郵便法、郵便為替法、鐵道船舶郵便法及電信法，於臺灣施行。
1900/10/30	臺灣慣習研究會舉行發會式，並發刊機關雜誌。
1900/10/30	道路設備準則發布，台灣島內道路區分為一二三等則。
1900/10/30	於臺北龍匣口庄開設臺灣總督府民政部苗圃。
1900/10/30	本年至今因臺灣原住民暴動，有日本人103名，臺灣人347人被宰。
1900/10/30	臺灣各醫院及公醫，開始阿片癮者治療之研究調查。
1900/11/08	臺灣度量衡條例發布。
1900/11/09	臨時海港檢疫所官制公布。
1900/11/09	保安規則發布。
1900/11/11	醫藥學研究會於臺北醫院舉行第一次總會。
1900/11/20	臺中縣葫蘆墩指環會匪首魏阿木，死刑判決。
1900/11/28	臺南打狗間鐵道開通，於打狗停車場舉行開通典禮。
1900/12/03	鳳山饗老典舉行，兒玉總督蒞臨鳳山。
1900/12/10	臺灣製糖會社，於東京銀行集會所舉行創立總會。
1900/12/19	淡水炮臺榴彈爆炸，死亡輕重傷者5名。
1900/12/24	深坑廳下業主權查定完成。
1900/12/28	臺灣總督府土地調查局轄下清賦一班成立。
1900/12/30	葛城軍艦的陸戰隊，擊退潮州庄的土匪。
1900/12/30	大阪汽車製造會社臺北分工場設置。
1900/12/30	臺灣製糖會社本社決定設置於臺南市。
1900/12/30	臺灣新聞於基隆發刊。
1901/02/02	抗日志士詹阿瑞等200名，襲擊臺中城內。
1901/02/12	臺中大火，起火點在大墩街新市場，鄰近住家共有130餘戶燒光光。
1901/02/13	臺北大龍峒附近水田結冰厚達五分，測得溫度華氏28.2度(攝氏零下2.11度)。
1901/02/14	宜蘭廳羅東街大火，住家四百餘戶燒光。
1901/02/14	南庄大火，住家147戶焚毀。
1901/03/30	臺中新聞廢刊。
1901/04/11	辯護士名簿登錄，有關訴訟代理人辯護士名簿登錄律令發布。
1901/04/30	因地方官官制改正，設置恆春廳。
1901/05/02	民政長官搬新家，遷入新築的民政長官邸。
1901/05/23	臺灣土地收用規則發布。
1901/05/30	臺中飛鸞降筆會非常盛行，逐漸流行全臺灣，民政長官後藤新平對各地方官發通牒，逕行取締。
1901/06/01	馬偕博士蒙主寵召。
1901/07/23	清國福建省官員知縣修補俞戴祐，及按察司潘震德來臺考察，調查阿片與樟腦制度。
1901/08/25	臺北桃仔園間的改良線鐵道，與淡水線鐵道開始營業。
1901/09/26	總督官邸新築落成。
1901/10/07	大倉組的鶴彥丸，於回航基隆途中，在五島沖附近沉沒，船員49名失蹤，船上載有鐵道部注文的機關車客貨車共七輛。
1901/10/24	臺灣神社御靈代，北白川宮妃搭乘軍艦淺間由基隆入港，抵達台北御旅館。
1901/10/27	臺灣神社鎮座式。
1901/11/01	臺灣協會學校遷校，移入東京小石川區茗荷谷的新校舍。
1901/11/11	大島久滿次被任命為臺灣警視總長。
1901/11/15	抗日志士數十名包圍襲擊噍吧哖郵便局，郵便局長等數人負傷。
1901/11/24	抗日志士黃茂松等襲擊樸仔腳支廳(今朴子市)，支廳長以下11人被宰。
1901/12/12	臺灣公學校教員檢定，並發布免許狀規則。
1901/12/20	總督府農事試驗場規程頒布，並設立臺北、臺中、臺南農事試驗場。
1901/12/21	鯉魚山(屏東)噴發土塊三丈高，且有瓦斯及熱水湧出。
1901/12/30	ペスト(鼠疫)盛行以來，患者4496人當中，已有3619人死亡。
1902/01/15	臺北監獄發生18名犯人逃獄事件。
1902/01/25	為了防範鼠疫，臺南廳轄下開始實施補鼠驅鼠。
1902/02/01	臺北醫院開始有耳鼻喉科服務。
1902/02/26	臺南博物館舉行開館式。
1902/03/11	臺灣製糖會社第一次外銷，共有製糖3100多俵賣到上海寧波。
1902/05/01	臺灣第一屆醫學校畢業典禮，共有3名畢業生。
1902/05/26	林少貓與日軍激戰時戰死，其餘牽連的台灣人被屠殺。
1902/06/01	劇場榮座設於臺北西門外街，舉行上棟式。
1902/06/16	臺北車站設自慟電話，提供大眾使用。
1902/06/30	臺灣辯護士會向兒玉總督提出彈劾書，彈劾後藤民政長官。
1902/07/17	侯爵西鄉從道仙逝，享年62。
1902/08/02	臺灣醫學會舉行發會式。
1902/08/20	萬丹支廳的鯉魚山噴火高達丈餘，直到8月29日方熄。
1902/10/01	基隆水道開始供應自來水。
1902/10/28	臺北武德會演武場，舉行落成式。
1902/11/01	伊能嘉矩的臺灣誌開始發刊。
1902/11/27	臺北消防組開始設置。
1902/12/26	臺灣本島沿岸回航的定期船，開始每月一次靠港紅頭嶼(蘭嶼)。
1902/12/30	本年中死刑執行人數共有557人。
1903/01/15	高砂檢番開幕，由吾妻、花家、壽三家料理店合組高砂檢番，并與原來往來的臺北檢番中止生意。
1903/01/27	蕃地事務管轄權，移交給民政部警察本署。
1903/01/29	南溟文學，在台南開始發行。
1903/02/09	臺北農會設立。
1903/02/11	基隆公會堂落成。
1903/02/24	臺灣製造，以林投為原料的夏季帽子，由兒玉總督命名為淡水帽。
1903/03/11	臺灣慣習研究會總會開幕，兒玉總督親臨發表演說。
1903/03/14	為開發蕃地與審議，設立臨時蕃地事務調查掛，及蕃地事務委員會。
1903/03/15	臺北風俗改良會，在淡水館舉行發會式。
1903/04/23	臺灣與日本間的定期船近江丸，由西京丸暫代。
1903/05/01	在日本大阪舉辦的第五回內國勸業博覽會，內特設臺灣館，明治天皇也跑來參觀台灣的喫茶店。
1903/05/01	基隆與澎湖新設要塞司令部。
1903/05/11	阿里港蕃討伐。
1903/05/27	民政部殖產局附屬製茶試驗場，設立於桃仔園廳下安平鎮。
1903/05/30	曾根靜夫往生，曾擔任台灣總督府民政局長，享年59。
1903/06/14	往返台灣與日本的定期船橫濱丸，第一次靠港基隆的臨時棧橋。
1903/06/17	粗製樟腦並樟腦油專賣法公布。
1903/06/26	槍獵取締規則發布。
1903/07/21	依據槍獵取締規則，規定保護鳥類的種類。
1903/08/08	藤八拳會在臺北丸中溫泉舉辦，為臺灣藤八拳的開端。
1903/09/16	瑞芳大火，住家212棟燒毀。
1903/09/29	美國駐菲律賓島的衛生局長，抵達台灣調查本島的阿片制度，以便對在菲支那人的阿片處分作參考。
1903/10/06	南投廳轄下的南北蕃相互大亂鬥，一百餘人被殺傷。
1903/10/07	苗栗三叉河之間的鐵道舉行開通式。
1903/10/31	臺北艋舺大稻埕居住的臺灣無賴漢45人，被捕遣送到臺東廳轄下的賀田組農場勞改，強制就職。
1903/11/01	臺灣醫學會在臺北醫院，舉行第一次大會。
1903/11/15	枋橋林本源邸舉辦園遊會，招待臺灣仕紳林爾嘉以下11名，日本文武官及仕紳150人。
1903/11/31	總督府開始進行阿里山森林調查。
1903/12/01	殖產局臺南樹苗育成場設立。
1903/12/06	臺北農會舉行發會式。
1903/12/20	桃仔園大嵙崁之間的輕便鐵道，舉行開通典禮。
1904/01/03	全島辯護士大會，於臺中俱樂部舉行。
1904/01/12	罰金及笞行處分例發布。
1904/01/14	那珂通世博士，去年12月(明治36年)自基隆出發，以自行車縱貫全島，經恆春鵝鑾鼻，今日返回台北。
1904/01/20	臺灣商業銀行，申請破產。
1904/01/29	因去年美國帆船擱淺紅頭嶼，船員遭到島上居民暴行，1月27日總督府派兵討伐，本日完成撤兵。
1904/01/30	高砂商報於臺南發刊。
1904/02/11	臺灣銀行舉行新廈落成典禮。
1904/02/13	於臺灣神社，舉行對俄國宣戰詔敕奉告祭。
1904/02/15	腦脊髓膜炎在臺南廳轄下噍吧哖，有患者出現，為南部蔓延流行的起點。
1904/02/27	台南斗六間鐵道開通。
1904/03/02	大租權調查委員會，規程發布。
1904/03/11	發布臺灣公學校規則。
1904/03/12	犯罪即決例發布。
1904/03/31	公布事業公債法改正，發行大租權整理費公債。
1904/04/01	非常特別稅發布實施，包含砂糖消費稅、輸入稅、毛織物及石油消費稅。
1904/04/24	於體育俱樂部舉辦振武大運動會，馬術及自行車競賽盛況空前。
1904/04/30	鼠疫猖獗，自今年以來鼠疫患者達到2316人。
1904/05/01	台灣民報社，決議解散。
1904/05/04	於臺北武德會廣場，舉辦對俄鴨綠江頭戰勝之戰捷祝賀會。
1904/05/12	鹽水港維新製糖合股會社，事業中止。
1904/05/15	臺南製糖會社，舉行創立總會。
1904/05/20	大租權整理令發布。
1904/05/30	腦脊髓膜炎患者在流行初現以來，患者人數已達484人。
1904/05/30	俳句雜誌相思樹，在臺北發刊。
1904/06/04	臺灣銀行金券開始發行。
1904/06/06	蘇澳羅東間輕鐵，舉行試運轉典禮。
1904/06/15	汽船大義丸與大經丸，兩船在中港海面相撞而皆沉沒，大義丸船長以下11名失蹤。
1904/06/20	兒玉總督兼任滿州軍參謀長。
1904/06/21	大租權補償算定率發布。
1904/06/22	體刑囚人處遇規則發布。
1904/06/25	本島沿岸定期船明石丸，在大板埒觸礁擱淺。
1904/06/27	桃仔園廳舍，舉辦新廈落成典禮。
1904/06/30	鼠族驅除活動，今年1至6月共捕獲264萬8700隻老鼠，自明治35年開始驅鼠至今，累計829萬4760隻。
1904/07/01	臺灣銀行金券，以黃金兌換銀行券的幣制改革，開始實施。
1904/07/02	彰化慈惠院成立。
1904/07/06	兒玉總督出征，自東京出發前往滿州。
1904/07/08	總督府師範學校官制廢止。
1904/07/18	臺南安平地區強風驟起，安平地區房屋全倒80戶，壓死5人，灣裡地區房屋全倒140戶，350人輕重傷。
1904/07/30	臺南市中心鼠疫猖獗，患者人數已達1400人。
1904/08/10	羅東大火，住家300多戶燒毀。
1904/08/16	臺灣公醫官制制定。
1904/08/25	臺南灣裡鹽田開拓，認可頒布。
1904/09/14	公共衛生費，整理規程制定。
1904/09/16	斗六廳轄下官有森林，規劃為東京帝國大學農科大學演習林。
1904/09/29	清國人兒童來臺入學公學校或是國語傳習所，皆比照臺灣國的學生，無差別辦理。
1904/09/30	 鼠疫患者自年初至今，達到4145人，其中死亡人數為3054人。
1904/10/10	新興製糖會社，舉行工場落成典禮。
1904/10/21	於臺北的慈善音樂會，於榮座一連舉辦3天。
1904/10/30	伊能嘉矩完成蕃政志。
1904/11/04	嘉義廳轄達邦社派出所開始實施蕃童教育，為蕃童教育的嚆矢。
1904/11/06	嘉義大地震，嘉義、斗六、彰化、鹽水港四廳，房屋全倒有590戶，半倒100多戶，145人死亡，150人輕重傷，嘉義受損最嚴重。
1904/11/20	杉房之助編纂的日臺新辭典，開始發行。
1904/12/01	苗栗支廳轄下北洗水坑隘寮，遭到原住民攻擊，巡查以下28人被殺。
1904/12/03	彰化慈惠院舉行開院儀式。
1904/12/30	鼠疫自本年初開始流行以來，患者達4430人，死亡人數為3330人。
1904/12/30	自明治29年蕃害開始至今，受到原住民襲擊的死傷人數達393人。
1905/01/03	臺北官民於圓山公園，舉行旅順開城戰捷大祝賀會，及提燈籠遊行。
1905/01/30	臺灣蕃社數共有784社，原住民人口有103360人。
1905/02/01	於台北士林街芝山巖，舉行殉難教育者建碑式。
1905/02/01	於台南大目降，設置糖務局講習所。
1905/02/11	臺北丸中溫泉，舉行第一回繪葉書交換會。
1905/02/20	日本赤十字社台灣支部病院開設。
1905/02/20	深坑支廳屈尺受到原住民襲擊，日本內地人12人及台灣本島人2名遭殺害。
1905/02/28	臺灣全島田園面積統計，田316693甲，畑158880甲。
1905/02/28	臺灣阿片吸食特許者共有13萬7952人。
1905/03/26	彰化二八水間，鐵道開通。
1905/03/30	內臺直航船，臺灣與日本間直航船決定由商船恆春丸與郵船薩摩丸經營。
1905/03/31	臨時臺灣土地調查局廢止。
1905/04/01	愚人節，廳名改正，桃仔園廳改為桃園廳，阿猴廳改為阿緱廳。
1905/04/04	長野純蔵任命為臺北醫院長，原醫院長高木友枝離職。
1905/04/30	去年5月笞刑處分法實施以來，至今有4068人受到笞刑。
1905/05/01	嘉義銀行開始營業。
1905/05/13	臺灣全島戒嚴令開始實施。
1905/05/25	波羅的海艦隊，從臺灣東海經過。
1905/05/29	臺灣總督府設置臨時臺灣戶口調查部。
1905/05/30	殖產局附屬葉製樟腦作業所，於臺中廳設立。
1905/06/10	葫蘆墩二八水間鐵道開通式舉行。
1905/06/10	發布臨時臺灣舊慣調查會章程，第一部調查臺灣本島的法制農工商經濟，第二部調查臺灣與清國南部相關法制農工商經濟。
1905/06/16	臺中新町大火，37戶焚毀。
1905/06/24	發布臺灣土地登記規則施行規則。
1905/06/30	新公園管轄權，自總督府移管至臺北廳。
1905/07/07	臺灣全島及澎湖馬公，戒嚴令解除。
1905/07/18	板橋林本源之常主，林維源於廈門仙逝。
1905/07/20	制定蕃人物品交換取締方法。
1905/07/31	臺北市內轎數統計，轎數66頂轎夫139人。
1905/08/02	總督府發布臨時戶口調查施行諭告。
1905/09/06	臺南魚菜市場舉行開業式。
1905/09/11	臺北市街開始點電燈。
1905/09/13	大倉組決定關閉臺北支店。
1905/09/15	臺灣銀行券發行餘額統計共805萬圓，流通餘額達621萬圓。
1905/09/28	蕃薯寮四社派出所遭到一百多名施武群原住民的襲擊，巡查隘勇共8名行蹤不明。
1905/10/01	彰化銀行開始營業。
1905/10/17	北投湯守觀音舉行開眼式。
1905/11/11	大津藤井一行，由斗六攀登新高山，測得高度13480尺。
1905/11/29	私立學校規則發布。
1905/11/30	臺北測候所寺本技手，測量新高山標高為13200尺。
1905/12/05	臺灣總督府失火，燒毀土木課及學務課的倉庫，重要書籍標本付之一炬。
1905/12/12	恆春大頭目潘文杰崩殂。
1905/12/30	舊慣調查會的刊物清國行政法發行，土地調查局發行土地慣行一班。
1905/12/30	今年開始發刊的雜誌有語友、五十會、新泉、臺灣實業時報、臺法月報、ひ星。
1906/01/13	台灣舊慣研究會募集論文，題目為生蕃人之國法上之地位。
1906/01/30	臺北市內電燈需用者達569人。
1906/02/12	台北催眠術治療所營業禁止。
1906/02/21	台北大稻埕附近刮起旋風，河岸繫留的5艘支那型船隻沉沒。
1906/03/13	臺灣浮浪者取締規則發布。
1906/03/15	嘉義育嬰院決定開設。
1906/03/16	南清艦隊駛入基隆港，於淡水館舉行艦隊歡迎會。
1906/03/17	嘉義大地震，餘震持續四五日，於嘉義廳斗六廳及鹽水港廳下死者一千一百餘人，傷者一千九百餘人，房屋倒塌六千七 百餘間。
1906/03/30	臺灣全島在監人數達三千一百零三人。
1906/04/11	佐久間左馬太出任第五任臺灣總督。
1906/04/14	嘉義再度發生強震，死者13人傷者67人，房屋倒塌有八千三百戶。
1906/05/07	台中與台南間電話開通。
1906/05/16	花蓮港大火，燒毀65棟住家。
1906/05/31	水道費徵收規則發布。
1906/06/09	樟樹造林諭告發布。
1906/06/13	臺灣總督府發布臺灣彩票律令，以慈善衛生與社廟保存為目的。
1906/07/01	臺灣銀行臺中支店新築落成。
1906/07/10	臺南廳大目降，設置糖業試驗場。
1906/07/11	宜蘭廳羅東街大火，140戶家屋燒毀。
1906/07/14	新渡戶稻造博士來臺，往中南部視察。
1906/07/17	臺灣土地台帳中，清國人業主名義下之處分律令發布。
1906/07/24	兒玉源太郎大將仙逝。
1906/07/24	德國艦隊造訪淡水港。
1906/07/30	安平港因暴風雨帶來的流砂所閉塞。
1906/08/01	太魯閣原住民殺害花蓮港支廳長警部大山十郎，與賀田組事務員共23人。
1906/08/19	臺北唯一的公會堂淡水館，因房屋狀況危險封閉。
1906/09/22	臺灣發行第一次彩票共四萬張，一張五圓。
1906/09/23	苗栗支廳舍舉行落成式。
1906/09/28	後藤新平轉任南滿州鐵道會社總裁，於臺北新公園舉行送別會。
1906/09/30	前總督兒玉源太郎於臺北古亭庄之別墅南菜園，寄附予臺灣婦人慈善會。
1906/10/30	清國內閣尚書呂鑄來臺，調查本島制度。
1906/11/13	臺灣殖產局長祝辰巳轉任民政長官。
1906/12/15	臺灣第一次彩票，於專賣局彩票抽籤所內舉行抽籤。
1906/12/26	廳事務規程制定，廳下設總務課，警務課及稅務課。
1906/12/27	臺北與臺南間九處長距離電話開通。
1906/12/30	明治製糖株式會社成立。
1907/01/06	本月1日至6日，在台北市街共有26名鼠疫新患者。
1907/01/20	斗六廳舍新居，舉行落成典禮。
1907/01/20	臺南廳的虎頭圳，舉行落成式。
1907/01/31	臺灣專賣局舉行第二次彩票抽籤。
1907/02/14	臺灣專賣局火災，製腦工場燒光。
1907/02/22	大屯山降雪。
1907/02/26	臺灣公學校令發布。
1907/02/28	樟樹造林獎勵規則發布。
1907/02/28	澎湖島自1906年秋天以來，鹹雨蟲害肆虐，發生饑荒。
1907/03/08	臺灣監獄月報發刊。
1907/03/13	大嵙崁六大蕃社歸順式，於レモガン隘勇監督所舉行。
1907/03/20	臺灣彩票發行中止，共僅發行三回。
1907/03/28	前山蕃歸順式舉行，大嵙崁溪兩岸蕃社十餘社歸順。
1907/04/01	本島命令航路訂定，基隆神戶線，汽船兩艘每月各兩次往返。打狗橫濱線，汽船兩艘每月各兩次往返。臺灣沿岸線，汽船1艘每月3次航行。淡水香港線，汽船兩艘每月各4次往返。淡水福州線，汽船1艘每月3次往返。打狗香港線，汽船1艘每月兩次往返。
1907/04/01	臺北電氣作業所，改由總督府民政部管轄。
1907/04/01	臺灣本島人經營的貸座敷（日语：遊廓）(花柳街)，在臺南獲得經營許可。
1907/04/03	打狗建造細民（日语：部落問題）家屋(貧民社會住宅)，街名命名為平和街。
1907/04/06	東港街大火，房屋36戶燒毀。
1907/04/18	臺北水道工事，開始動工啦。
1907/04/29	女子雇員採用，由通信局開始女子雇員採用試驗。
1907/04/30	臺灣鐵道部職員制服公布。
1907/04/30	鼠疫橫行，今年至四月底，新患者暴增為1079人。
1907/05/03	民政部土木局轄下，設置臨時水道課，開始進行臺北水道工事的設計與施工建設。
1907/05/20	總督府中學校官制公布，中學校規則、高等女學校規則發布。
1907/05/26	體育俱樂部舉行馬術、弓術、柔術、本島武技等競技大會。
1907/05/27	總督府廳舍設計圖案募集，賞金五萬圓。
1907/05/31	臨時臺灣糖務局，移轉到臺南。
1907/06/09	英國領事分館，於基隆三叉灣設立。
1907/06/09	臺中公園舉行兒玉總督壽像揭幕儀式。
1907/06/09	新竹廳轄下馬福社隘勇前進隊，在新竹蕃界發生激戰。
1907/06/09	濁水溪鐵道舉行開通儀式。
1907/06/09	土木局轄下設置水利課。
1907/07/18	阿里山鐵道一部分開通。
1907/07/28	臺灣銀行打狗出張所，舉行落成式。
1907/08/29	二八水列車翻覆，輕重傷9人。
1907/08/31	臺灣酒造稅規則發布。
1907/09/12	臺北免囚保護場，新居落成。
1907/09/15	6名南洋蕃人搭乘奇異的羽翼船，漂流到宜蘭廳轄下的東港口。
1907/09/17	臺灣守備隊司令部條例改制。
1907/09/17	紀念碑建設方，規則制定，在任何社寺廟宇公園設立紀念碑或銅像時，皆須事先獲得總督府的許可。
1907/10/01	打狗九曲堂間鐵道，舉行開通典禮。
1907/10/07	桃園廳轄下插天山新隘勇線，遭到原住民襲擊。
1907/10/08	臺灣小學校規則發布，明治35年4月發布的原規則廢止。
1907/10/20	臺南市區改正，竹子街道路工事竣工，舉行開通式。
1907/10/29	大阪角力大木戶一行，於台北舊醫學校址，舉行表演。
1907/11/03	臺南市三界壇街廣場，舉行故兒玉總督壽像揭幕式。
1907/11/14	發生北埔事件，北埔支廳遭到殲滅，支廳長以下日本內地人共有55名死亡，6人負傷。
1907/12/17	北埔事件首領何麥賢外8名，執行死刑。
1907/12/29	北埔事件遭難者，在新竹舉行追悼會。
1907/12/30	插天山戰死者，於桃園廳景福宮舉行葬儀。
1907/12/30	今年末臺灣人口總數，310萬8010人。
1908/01/11	臺中松岡製糖場舉行開場式。
1908/01/21	臺灣總督府警視賀來倉太完成中央山脈橫斷，自埔里社出發到達吳全城。
1908/01/30	藤田組於阿里山之森林事業經營中止。
1908/01/31	樸仔腳捕鼠，自本月17日至31日共捕獲44330隻老鼠。
1908/02/17	三叉河至後里庄鐵道開通。
1908/02/18	東港街大火，50戶住家燒毀。
1908/02/20	插天山隘勇線下大雪，積雪三尺。
1908/02/29	官設埤圳規則公布。
1908/03/10	臺北大稻埕爆竹製造場爆炸，11名輕重傷。
1908/03/21	臺北艋舺市區改正開始。
1908/04/09	隘勇線內蕃界土地調查開始。
1908/04/10	京都角力大碇一行，於臺北新起街市場舉行表演。
1908/04/18	三叉河至葫蘆墩間鐵道，舉行開通試運轉式。
1908/04/20	縱貫鐵道全通，南北全長二百四十七哩。
1908/04/09	大稻埕共濟醫院舉行落成式。
1908/04/09	私立成淵學校舉行開校式。
1908/04/09	軍艦松島在馬公港停泊中爆炸，艦長矢代由松以下222名陣亡。
1908/05/17	東港街大火，94戶住家燒毀。。
1908/05/25	祝辰巳逝世享年41。
1908/05/30	臺灣總督府警視總長大島久滿次轉任民政長官，秘書官大津麟平轉任警視總長。
1908/05/31	本次鼠疫自發生以來患者達1029人，828人病死。
1908/06/04	澎湖廳長橫澤次郎因偽造官文書，委託金費消事件被拘留停職。
1908/06/07	汽車博覽會於臺灣全島各車站舉行。
1908/06/18	清國南清艦隊基隆入港，停泊一周。
1908/06/21	宜蘭神社舉行鎮座式。
1908/07/10	煙草耕作獎勵規則發布。
1908/08/12	發布清涼飲料水營業取締規則。
1908/08/15	臺灣最初的本島人助產婦講習，於臺北醫院舉行。
1908/08/29	劍潭山警察官招魂碑舉行揭幕式。
1908/09/01	臺北幼稚園，舉行開園式。
1908/09/15	大島久滿次民政長官視察阿里山途中，台車翻覆，大久保警部當場死亡。
1908/10/01	發布臺灣違警令。
1908/10/08	設立北回歸線標於嘉義停車場南方三哩處。
1908/10/23	為紀念兒玉源太郎與後藤新平之新設博物館，閑院宮蒞臨舉行開館式。
1908/10/24	於臺中公園舉行臺灣鐵道全通式。
1908/10/29	臺灣赤十字支部舉行第一次總會。
1908/11/01	臺灣鐵道飯店落成開業。
1908/11/04	大嵙崁蕃歸順式，於角板山監督所舉行。
1908/11/04	曹洞宗臺北別院舉行地鎮式。
1908/11/15	於新竹城隍廟舉行北埔遭難者追悼會。
1908/11/30	臺北市街電線桿，公眾廣告張貼許可。
1908/12/05	臺灣長谷川鐵道技師轉任鐵道院管理局長，大島久滿次民政長官補鐵道部長。
1908/12/15	臺東七腳川社蕃襲擊隘勇線。
1908/12/15	臺灣農會規則發布。
1908/12/20	臺北新起街市場及大稻埕市場新築落成，舉行開場式。
1908/12/26	臺灣私設鐵道規則公布。
1909/01/07	臺灣製糖會社招募內地人移民450名，到達台灣。
1909/01/16	蘇澳南澳間道路竣工開通。
1909/02/13	基隆及澎湖之法國人墓地，達成修繕協定。
1909/02/14	大阪商船會社之櫻桃丸，首航神戶基隆定期航線，入港基隆。
1909/02/20	由於海上天氣惡劣彭佳嶼燈台點火，海上交通斷絕。
1909/02/21	台北台南間直通電話開通。
1909/02/28	航行台灣的汽船，自西京丸以下共30艘，總噸數達66366噸。
1909/03/02	南投原住民襲擊合流分遣所，巡查及隘勇共11名被斬首。
1909/03/04	日本眾議院通過打狗築港速成案。
1909/03/13	艋舺市區改正竣工。
1909/04/06	台東原住民襲擊巴塱衛支廳，支廳長及警察官共4名被殺。
1909/04/07	台北中學校新築工事竣工。
1909/04/15	台灣北部地震，9人死亡，3人重傷48人輕傷，房屋122戶全毀252戶半毀，1戶燒毀，家畜5隻雞2隻豬死亡，主要震央位於板橋、土城、三峽、樹林及鶯歌一帶。震央位於觀音山附近(N 25.125°，E121.5°)，深度70公里。
1909/04/15	醫學校創校10周年為基隆港第一次6000噸以上船隻繫留。
1909/04/24	村井吉兵衛於嘉義廳，造林4000甲。
1909/04/30	台灣總督府廳舍設計圖案審查結果發表，一等從缺，二等長野卯平，三等片岡安。
1909/05/01	蕃薯寮廳許可愛久澤直哉（日语：愛久澤直哉），開墾手巾寮2000甲土地。
1909/05/09	瑠公圳改修工事，舉行落成式。
1909/05/11	蔴荳街大火，住家85戶燒毀。
1909/05/16	臺南市街劃分東西兩區，楊鵬搏任東區區長，西區區長為陳修五。
1909/06/02	安平海水浴場落成。
1909/06/05	大稻埕興建中之淡水戲館屋頂崩壞，14人受傷。
1909/06/15	林本源製糖會社，設立許可。
1909/06/17	宜蘭南澳原住民150人來台北觀光。
1909/06/17	樹杞林轄下內上坪林之本島人一家6口，被原住民斬首。
1909/06/21	於台北檢番樓上，開設臺北女紅場。
1909/06/28	松尾知明仙逝，曾任臺北醫院長及台南醫院長。
1909/06/30	臺灣製糖會社之九曲堂東港間，阿猴阿里港間專用鐵道，專鐵運輸業許可。
1909/07/04	嘉義竹器練習所舉行開所式。
1909/07/04	桃園廳角板山，蕃童教育所開設。
1909/07/10	高砂製糖會社設立。
1909/07/11	臺北下水道溝渠工事竣工。
1909/07/15	基隆電燈工事完成。
1909/08/07	臺灣之前開港之外，舊港、後壠、梧棲、鹿港、東石港、東港、媽宮決定開港。
1909/08/09	淡水戲館舉行上棟式。
1909/08/24	基隆市場舉行落成典禮。
1909/08/28	基隆海水浴場於大沙灣開設。
1909/09/07	嘉義衛生公館舉行落成式。
1909/09/13	公布街庄社區長及區書記之設置。
1909/09/15	北部暴風雨，臺北家屋浸水達兩千餘戶。
1909/10/01	石坂文庫於基隆開館。
1909/10/12	參謀本部陸地測量班著手臺灣本島地圖製作。
1909/10/25	地方官官制改正，設臺北、宜蘭、桃園、新竹、臺中、南投、嘉義、臺南、阿緱、臺東、花蓮港、澎湖十二廳。
1909/10/29	樸石閣支廳巡查吉岡琢治率原住民橫斷中央山脈，抵達臺北觀光。
1909/10/30	打狗整地株式會社舉行創立總會。
1909/10/30	於淡水河面舉行北部短艇競漕大會。
1909/11/07	臺北武德會舉行武德祭及競技比賽。
1909/11/16	阿片令細則改正。
1909/11/19	廖添丁在八里老坑猴洞內被朋友殺害。
1909/11/21	林本源博愛醫院舉行開院式。
1909/11/30	臺灣人習慣使用之太陰曆廢止。
1909/12/06	斗六製糖會社舉行始業式。
1909/12/15	阿緱臺東間中央山脈橫斷隊同行之蕃通事鄭清貴，殺傷臺東廳平野警務課長等6名，橫斷隊返回六龜里。
1910/01/05	東京醫科大學教授吳秀三來臺，至郡大蕃調查クレチン症患者(先天甲狀腺機能低下)。
1910/01/08	總督佐久間左馬太在官邸接見來臺北觀光之ガオガン原住民。
1910/01/14	日本台灣間定期航路郵船讚岐丸，初行台灣入港基隆。
1910/01/16	愛國婦人會台灣支部，新設蕃地部經營蕃產物交換事務。
1910/01/18	街庄社制廢止，另設新區，街庄長改為區長。
1910/01/19	德國大使ムシム男爵一行來臺視察。
1910/01/22	花蓮港大地震，造成花蓮港廳廳舍火災。
1910/01/29	哈雷彗星出現。
1910/01/29	ガオガン原住民襲擊宜蘭叭哩沙支廳九芎湖駐在所，巡查堀川忠五郎及另外11名死傷。
1910/01/30	臺灣銀行於阿緱嘉義設置出張所。
1910/01/30	臺北市內電話架設數目達713個。
1910/01/30	篠塚初太郎於宜蘭廳轄下ドーム角發現大理石礦。
1910/02/11	臺灣全島撞球大會，於鐵道飯店舉行。
1910/02/12	採藤合資會社設立於台中。
1910/02/15	森孝三事件，警官練習所所長森孝三因文書偽造詐欺，遭判刑兩年六個月而失官。
1910/02/15	鹿港市場舉行落成典禮。
1910/02/20	臺中運輸倉庫會社於台中設立。
1910/03/06	野戰砲兵監大迫尚敏來臺視察。
1910/03/07	臺灣製茶株式會社成立。
1910/03/15	臺南郵便局新舍落成。
1910/03/20	南部短艇競漕會於打狗港舉行。
1910/03/23	安平英國領事館撤廢。
1910/03/25	楠梓坑車站內火車相撞，5人負傷。
1910/03/26	錫口成德學院舉行開院式。
1910/03/27	員林魚菜市場舉行落成式。
1910/04/01	郵便替振貯金施行。
1910/04/01	官設埤圳水利組合規則發布。
1910/04/01	富貴角無線電信柱，工事完工。
1910/04/01	臺灣製茶會社開始生產綠茶及紅茶。
1910/04/03	全島自轉車競走大會於台中公園舉行。
1910/04/07	郵船信濃丸初行台灣入港基隆。
1910/04/10	新竹後壠圳舉行竣工式。
1910/04/18	阿里山作業所官制公布。
1910/04/19	小公學校兒童身體檢查規則發布。
1910/04/30	臺北製糖會社設立。
1910/05/14	基隆法國人墓地修築落成，法國太平洋艦隊司令官キヤストリー搭乘旗艦モンカム入港基隆，與總督佐久間共同舉行落成式。
1910/05/15	阿里山作業出張所於嘉義設置。
1910/05/28	曹洞宗臺北別院舉行入佛式。
1910/06/01	花蓮港醫院舉行開院式。
1910/06/01	臺北火葬場移轉。
1910/06/09	基隆火災，海港檢疫所燒毀。
1910/06/14	南投二八水之間輕鐵開通。
1910/06/15	安平海水浴場舉行開場式。
1910/06/19	所得稅施行規則發布。
1910/06/21	臺北新起街弘法寺舉行入佛式。
1910/06/30	臺中、松岡、協和三家製糖工場合併為帝國製糖會社。
1910/07/03	特命檢閱使東鄉平八郎一行搭乘軍艦滿州號抵達馬公。
1910/07/03	體育俱樂部於古亭庄河畔設立水泳部。
1910/07/18	打狗大旋風造成住家倉庫及船舶毀損。
1910/07/31	阿米巴赤痢於臺灣南部流行。
1910/08/01	臺中製冰合資會社舉行開業式。
1910/09/15	臺灣總督府局長大更換，法政局參事官中川友次郎轉任財務局。
1910/10/11	富貴角無線電信局開始營運。
1910/10/30	臺灣林野調查規則發布。
1910/11/01	理學博士伊藤篤太郎與川上總督府技師，於臺灣原住民區域發現新桐樹，命名為九重桐。
1910/11/23	阿緱醫院舉行開院式。
1910/11/23	基隆金比羅神社舉行地鎮式。
1910/12/15	花蓮港鯉魚尾間鐵路，舉行開通式。
1910/12/28	因林本源製糖會社之土地買收事件，臺北辯護士伊藤政重、白倉吉朗、山口義章受懲戒處分。
1910/12/30	劇場朝日座舉行落成典禮。
1911/01/01	臺南公館舉行落成式。
1911/01/20	屠畜取締規則，獸肉營業取締規則發布。
1911/01/23	林本源製糖會社舉行始業式。
1911/02/02	臺南嘉義阿緱三廳聯合南部物產共進會，於臺南舉行開會式，佐久間左馬太蒞臨。
1911/02/08	阿里山鐵道開通。
1911/02/11	本島人斷髮會於臺北大稻埕公學校舉行，公學校學生斷髮者30人，共百餘人斷髮。
1911/03/22	大安圳竝後村圳，舉行工事竣工式。
1911/04/03	北部短艇競漕會於基隆港舉行。
1911/04/06	臺灣人工甘味質取締規則發布。
1911/04/10	臺北新起街市場內一連七天，由東京大角力西の海一行舉行表演。
1911/04/20	於臺北停車場前廣場，舉行長谷川前鐵道部技師長銅像揭幕式。
1911/04/25	有害性著色料取締規則發布。
1911/04/26	林野調查諭告。
1911/04/28	飲食用器具取締規則發布。
1911/04/28	週刊臺灣商事報，於臺北發行。
1911/05/08	北勢蕃討伐苦戰，池元警部補外巡查8名戰死。
1911/05/10	計量器比較檢查規則發布。
1911/05/11	彰化慈惠院，舉行落成式。
1911/05/15	本線花蓮港卑南間東部鐵道全通。
1911/05/21	大稻埕河畔舉行短艇進水式，四隻短艇各為稻妻、韋馱天、鵬、不知火。
1911/06/02	飲食物防腐劑取締規則發布。
1911/06/08	大湖口驛附近列車溪底墜落，4名即死6名輕重傷。
1911/06/14	南投廳白狗社原住民來襲，巡查以下10名被殺。
1911/06/17	臺北新公園內，舉行後藤新平銅像揭幕式。
1911/06/24	阿緱廳原住民來襲，阿里港支廳長警部慶邦武之外2名被殺。
1911/06/25	臺北稻荷神社舉行鎮座式。
1911/07/07	菲律賓バヤツト當地原住民27人漂流到宜蘭廳下大里簡。
1911/07/09	士林北投水道舉行竣工式。
1911/07/26	臺東平地原住民襲擊成廣澳支廳。
1911/08/25	宜蘭袋米品評會，舉行褒賞授與式。
1911/08/30	自26日至30日臺灣受暴風雨侵襲，臺北市街為濁流吞沒，南部家屋被沖毀無數死傷數十名，濁水溪鐵橋流失縱貫鐵道不通。
1911/08/31	大安溪附近列車翻覆，死傷16名。
1911/09/06	官有森林原野，豫約賣渡規則發布。
1911/09/10	於桃園文昌廟舉行桃園製茶品評會，10日起一連5天。
1911/09/20	藝妓酌婦取締規則發布。
1911/10/09	松島艦及殉難忠魂碑，於澎湖舉行揭幕式。
1911/10/16	工業部及作業所，官制公布。
1911/10/16	臺灣總督府官制改正，廢土木部改設土木局，廢糖務局改置殖產局糖物課，廢內務局改設警察本署、地方部、法務部、學務部。
1911/10/26	依巡查看守採用規則，開始採用本島人巡查。
1911/10/28	電話加入者名簿廣告規則發布。
1911/11/01	鳳山曹公祠，舉行落成式及遷座式。
1911/11/13	於臺北橢圓公園內，舉行祝辰巳前民政長官銅像揭幕式。
1911/11/22	農業試驗場技師長嶺林三郎，海外派遣前往印度及爪哇。
1911/11/23	臺灣瓦斯株式會社舉行開業式。
1911/11/23	料理屋飲食店取締規則發布。
1911/11/23	基隆製冰株式會社設立。
1911/12/01	基隆打狗間夜行列車，開始營運。
1911/12/06	總督府醫院，施寮規定發布。
1911/12/16	臺中配電所舉行開業式。
1911/12/17	臺北製糖會社舉行試運轉式。
1911/12/30	臺北魚市場株式會社成立。
1911/12/30	臺北三線道路植樹及工程，開始進行。
1912/01/23	臺中北勢蕃討伐隊，戰死者13名負傷者數名。
1912/01/31	德意志軍艦ラチテツト號基隆入港。
1912/02/15	來台北觀光的南澳原住民，佐久間總督於官邸接見。
1912/02/20	埔里社製糖會社，舉行始業式。
1912/02/23	永代借地權令發布。
1912/02/24	養豚品評會，於嘉義公園附近舉行。
1912/02/25	帝國製糖會社，舉行始業式。
1912/02/25	臺南火車站，舉行後藤前民政長官銅像揭幕式。
1912/03/02	臺北市區改正協議會於台北廳舉行，選定市區改正委員。
1912/03/03	於臺北龍山寺，舉行艋舺斷髮會。
1912/03/07	臺灣地方稅會計規則發布。
1912/03/09	臺北士林支廳舍，舉行落成式。
1912/03/09	基隆金比羅神社，執行鎮座式。
1912/03/19	嘉義農場，舉行移轉式。
1912/03/23	林杞埔暴動事件，劉乾等人襲擊林杞埔支廳頂林派出所，警察官3名被宰。
1912/03/23	臺北枋寮支廳舍，舉行落成式。
1912/04/12	林杞埔警察官殺害事件，劉乾外等7名死刑判決宣告。
1912/04/20	嘉義西市場，舉行落成式。
1912/05/06	花蓮港廳下溪口鯉魚尾間火車列車相撞，15名輕重傷。
1912/05/16	基隆水先規程發布。
1912/05/19	私設鐵道運輸規程發布。
1912/05/31	阿里山列車翻覆，死傷12名。
1912/05/31	鳳山支廳下牛疫大流行，。
1912/06/01	列車食堂附設開始營運，提供縱貫鐵道直行及夜行列車一二等乘客使用。
1912/06/01	總督府廳舍，於新築地舉行地鎮祭。
1912/06/02	彰化支廳，舉行落成式。
1912/06/06	毒藥劇藥品目制定。
1912/06/09	基隆郵便局，舉行落成式。
1912/06/09	蕭壟支廳，舉行落成式。
1912/06/14	臺灣米穀檢查規則發布。
1912/06/16	阿緱郵便局，舉行落成式。
1912/06/20	圓山臨濟護國禪寺，舉行入佛式。
1912/06/26	臺灣興業株式會社，於阿緱屏東會館舉行創立總會。
1912/07/05	民政局學務部附屬工業講習所成立，為日後的國立臺北科技大學。
1912/07/08	打狗港町市場，舉行落成式。
1912/07/09	阿公店橋，舉行開通式。
1912/07/10	臺灣鐵道會設立，於鐵道飯店舉行役員總會。
1912/07/30	明治天皇崩御。
1912/07/30	明治四十五年七月三十日以後改元為大正元年。
1912/08/02	大赦令公布。
1912/08/05	全島製腦會議於專賣局舉行。
1912/08/08	臺灣理髮營業取締規則發布。
1912/08/08	臺灣冰營業取締規則發布。
1912/08/12	天機奉伺委員本島人總代臺北黃玉階臺中蔡蓮舫臺南許廷光，前往東京。
1912/08/15	阿緱街之一部份電燈點火。
1912/08/29	暴風雨襲擊臺北市街，浸水三尺，全倒房屋三千四百餘戶。
1912/09/02	總督府工業講習所，授業開始。
1912/09/03	土庫事件，首領黃老鉗被宣判死刑。
1912/09/08	臺北教會，於臺灣鐵道飯店(台湾鉄道ホテル)舉行設立式。
1912/09/12	中川小十郎，臺灣銀行副頭取就任決定。
1912/09/13	乃木希典與妻靜子，於東京赤坂自宅以短刀自殺。
1912/09/13	御大葬三日間，料理屋營業休止。
1912/09/17	臺灣受到暴風雨肆虐，縱貫鐵路不通。
1912/09/19	原住民襲擊李棟山，渡邊隊長以下數名受傷。
1912/09/20	蠶業獎勵規則發布。
1912/09/30	新竹海域有海賊出沒。
1912/10/13	高砂酒造株式會社，於阿緱屏東會館舉行創立總會。
1912/10/22	神戶スラバヤ間航路，郵船南洋航路開始營運。
1912/11/07	臺北製酒會社，舉行始業式。
1912/11/20	宜蘭電氣株式會社，舉行創立總會。
1912/11/30	基隆輕便鐵道株式會社，舉行開業式。
1912/12/03	李棟山隘勇前進隊殉職者福屋警部以下229名追悼會，於臺北本派本願寺臺北別院舉行。
1912/12/06	臺灣製糖會社與埔里社製糖會社合併。
1912/12/15	臺灣製麻株式會社成立。
1912/12/22	打狗精米工場火災燒毀。
1912/12/23	故鐵道部建設技師小山保政記念碑，於打狗金比羅神社境內舉行落成式。
1912/12/27	蘇澳田中組倉庫火藥爆炸，死傷十數名。
1913/01/02	高松豐次郎經營之臺北圓山間乘合自動車開始營業。
1913/01/10	花蓮港地震，9日與10日間共發生95次餘震，無人傷亡。
1913/01/12	全島自轉車大競走會，於台北新公園舉行。
1913/01/15	依臺北市區改正，文武街家屋改築開始。
1913/01/20	自治台以來廳命令、告示、諭告等必附漢譯文，自今廢止。
1913/01/22	氣象通知電報規則發布。
1913/01/25	鎗砲火藥取締規則發布。
1913/01/25	基隆花蓮港間定期航路開始，由小倉丸擔當。
1913/01/30	緩燃導火線並煙花爆竹取締規則發布。
1913/02/08	淡水演武館，舉行開場式。
1913/02/16	臺南製糖株式會社，舉行開場式。
1913/02/18	日吉丸於打狗港沉沒。
1913/03/01	中央山脈降雪。
1913/03/10	通宵銅鑼灣間輕鐵，舉行開通式。
1913/03/12	移出米組合，舉行發會式。
1913/03/18	嘉義廳警察官殉難記念碑，舉行揭幕儀式。
1913/03/19	吳鳳廟新築工事落成，佐久間總督蒞臨舉行祭典。
1913/03/21	合歡山探險隊遭暴風雪，隘勇人夫凍死與行蹤不明者約百人。
1913/03/23	臺北郵便局大火，全部燒毀。
1913/03/30	花蓮港廳璞石閣支廳內，發現五新蕃社。
1913/04/01	臺灣國稅徵收規則公布。
1913/04/02	總督府醫學校教授橫川定於臺灣北部河川發現橫川吸蟲（Metagonimus yokogawai），被授予獎牌與獎學金。
1913/04/05	臺南濟生病院，舉行落成式。
1913/04/10	瘧疾防遏規則公布。
1913/04/11	新竹市場并弘德館，舉行落成式。
1913/04/18	臺北中學校於校庭內，新築角力土俵。
1913/04/20	臺中廳大甲水道，舉行落成式。
1913/04/26	專賣局樟林作業所，於臺中南投宜蘭三廳下設置。
1913/04/30	基隆倉庫大火，第三岸壁裏倉庫三棟燒毀。
1913/05/04	花蓮港吉野村埤圳，舉行通水式。
1913/05/04	大稻埕天主教會堂，舉行落成式。
1913/05/17	基隆木村組之牡丹金礦，讓渡予田中組。
1913/06/02	擔保附社債信託規則發布。
1913/06/04	臺灣河川取締規則發布。
1913/06/13	總督府官制改正，因行政整理之故450名依法罷免。
1913/06/17	北投公共浴場，工事落成開場。
1913/06/30	稻江醫院，舉行落成式。
1913/07/19	臺灣各地遭到暴風雨，損害甚大。
1913/07/20	驅逐艦東雲號，於嘉義布袋嘴附近擱淺。
1913/08/03	高砂製筵會社，舉行創立總會。
1913/08/12	臺北大火，撫臺街住家8戶燒毀。
1913/08/12	臺灣ゴーコツ社蕃丁4名搭乘竹筏，襲擊石油發動機船，船員三名被斬首。
1913/08/30	新竹沿岸海賊船橫行，多艘戎克船遭襲。
1913/09/13	阿里山作業林產物及製品賣拂規則發布。
1913/09/25	佐久間總督所率合歡山及能高山方面探檢隊出發。
1913/10/03	臺南屠畜場，舉行落成式。
1913/10/05	乃木希典遺髮到達臺灣，放置於乃木母親墓側。
1913/10/11	桂太郎逝世。
1913/10/12	基隆港務所廳舍，舉行落成式。
1913/10/17	基隆港築港第二期工事完成，舉行祝賀會。
1913/10/24	明治橋起到臺灣神社之神苑道路，工事竣工。
1913/10/26	打狗郵便局舉行落成式。
1913/10/30	大稻埕公學校舉行落成式。
1913/11/20	以羅福星為首被稱作苗栗陰謀事件被發覺，連累220餘名被檢舉。
1913/11/29	臺北大火，北門口街住家8戶燒毀。
1913/12/06	基隆高砂公園，舉行開園式。
1913/12/06	臺北郵便局，移轉到新建臨時廳舍。
1913/12/09	臺北市新起橫街寄席芳乃亭，舉行落成式。
1913/12/14	關仔嶺溫泉浴場，舉行落成式。
1913/12/18	羅福星遭到逮捕。
1913/12/19	林本源製糖會社，舉行創立總會。
1913/12/19	於臺北俱樂部一連三天，舉行全島撞球大會。
1913/12/20	臺北偕行社，舉行落成式。
1913/12/20	阿緱九曲堂間鐵道開通，縱貫鐵道完成。
1914/02/15	臺灣孤兒院設立。
1914/02/15	阿緱線鐵道開通式，台灣總督佐久間左馬太臨場舉行。
1914/03/13	乃木大將夫妻遺髮建碑式，於臺北三板橋墓地舉行。
1914/03/21	臺灣第一次有飛機飛翔，由野島銀藏駕駛隼號飛機在臺北古亭庄練兵場起降飛行。
1914/04/01	淡水長老教會中學校，舉行開校式。
1914/04/08	野島銀藏駕駛隼號飛機在臺南陸軍練兵場起降飛行表演，觀眾人滿為患。
1914/05/16	野島銀藏駕駛隼號飛機在嘉義失事墜落，野島輕傷。
1914/05/17	太魯閣蕃討伐行動開始。
1914/05/23	臺南中學校舉行開校式。
1914/06/15	大阪商船會社基隆支店舉行落成典禮。
1914/06/26	佐久間左馬太總督於戰線視察中，墜崖負傷。
1914/07/01	總督府警視加福豐次任命為臺北廳長。
1914/08/01	總督府打狗醫院舉行開院式。
1914/08/23	日本發布與德國斷交，并下達宣戰詔書。
1914/08/28	臺北廳加蚋仔庄公學校12歲學生楊塗，被表彰孝子。
1914/09/17	橫行臺北市的手槍大盜山口一郎被捕。
1914/10/09	阿緱廳(屏東縣)原住民リキキ社襲擊リキキ社警察駐在所，警部補以下22名被殺。
1914/10/11	阿緱廳(屏東縣)原住民大舉起義襲擊枋山支廳及阿里港支廳，支廳長脇田警部補以下10名被殺。
1914/10/24	通事吳鳳建碑式，於嘉義社口庄舉行。
1914/11/07	臺北北門街大火，燒毀86戶住家。
1914/11/15	郵船會社倉庫倒塌，16人被活埋。
1914/11/22	臺灣聯合醫師會，在臺南公館舉行總會議程。
1914/11/25	彰南線鐵道開通。
1914/11/28	清酒釀造的芳釀社，在臺灣開業。
1914/12/10	臺灣神社大鳥居，舉行建設式。
1914/12/16	灑水自動車，在臺北新公園試運轉。
1914/12/10	鶯歌石三角湧之間的輕鐵，舉行開通式。
1914/12/20	臺灣同化會於臺北創立，旨在消弭日本人與臺灣人的差別待遇。
1914/12/30	臺灣全島學生人數，國語學校718人，同附屬女學校120人，臺北中學校701人，臺南中學校100人，高等女學校423人，工業講習所170人，全島小學校兒童數11676人，公學校64822人，蕃人公學校2593人。
1915/01/07	臺灣日日新報夕刊開始發行。
1915/01/21	台灣同化會評議員，遭全島各廳廳長命令總辭退。
1915/01/23	台灣同化會會費徵收，認可被取消。
1915/01/24	北部野球協會，於臺北舉行發會式。
1915/01/24	打狗公館，舉行落成式。
1915/01/31	臺灣日日新報夕刊廢止。
1915/02/03	臺灣公立中學校官制公布。
1915/02/11	臺灣公立中學校規則發布。
1915/02/21	臺北弘法寺，無料宿泊所舉行落成式。
1915/02/25	六甲事件首領楊松羅添丁劉德等，被執行死刑。
1915/02/26	臺灣同化會遭命令解散。
1915/02/28	總督府官制改正發布，施行行政整理。
1915/03/05	臺灣圖書館規則發布。
1915/03/13	全島寫真展覽會，於新築臺北廳舍一連舉行三天。
1915/03/26	錫口養生院，舉行落成式。
1915/03/28	阿里山列車翻覆，死傷5人。
1915/04/03	彰化水道完工，舉行落成式。
1915/04/03	彰化御遺跡碑，舉行揭幕式。
1915/04/08	新竹飛行，飛行家高左右隆之飛行會於新竹舉行。
1915/04/12	臺東三仙臺，新燈臺點燈。
1915/04/18	臺灣總督府博物館，舉行落成式。
1915/04/19	高左右隆之飛行會於阿緱舉行。
1915/04/19	臺北清酒會社，決議解散。
1915/05/01	安東貞美出任第六任臺灣總督。
1915/05/06	高等小學校，教科及教則發布。
1915/05/08	臺灣同化會幹部詐欺事件，豫審終結。
1915/05/12	花蓮港廳喀西帕南事件，布農族人襲擊八通關越道路喀西帕南駐在所，10名日警死亡。
1915/05/17	花蓮港廳大分事件，布農族人拉荷阿雷兄弟等56人，襲擊八通關越道路大分駐在所，12名日警死亡。
1915/06/17	始政20年紀念日，舉行記念植樹式及全島武術大會。
1915/06/25	總督府新廳舍，舉行上棟式。
1915/07/06	余清芳等人策動反日行動——噍吧哖事件。
1915/07/07	阿緱廳下匪徒蜂起，襲擊甲仙埔支廳及其下各派出所，殺戮甚慘。
1915/07/22	總督府官制改正公布。
1915/07/27	日本領臺以來台北最高溫，到達華氏99.5度(攝氏37.5度)。
1915/07/27	煙草耕作獎勵規則發布。
1915/07/30	桃園電燈株式會社，舉行創立總會。
1915/08/03	臺南廳噍吧哖支廳南庄派出所等數個派出所遭襲擊，吉田警部補以下18名被殺害，稱噍吧哖匪徒事件。
1915/08/05	佐久間佐馬太翹毛。
1915/08/17	北投臺北間鐵道，汽動車開始運轉。
1915/08/20	臺灣總督府博物館隸屬於殖產局，正式開館。
1915/08/22	噍吧哖事件首領余清芳，遭到逮捕。
1915/08/31	全島自轉車大競走會，於臺北江瀕街埋立地舉行。
1915/09/01	日本芳釀株式會社，舉行創立總會。
1915/09/23	余清芳死刑執行。
1915/10/17	新竹武德殿，舉行落成式。
1915/10/21	國語學校，舉行陛下御真影奉戴式。
1915/11/19	大正競馬會，於臺北江瀕街埋立地舉行一連七天。
1915/12/11	湯地幸平被任命為臺灣總督府警視總長。
1916/01/13	臺灣醫師令，并齒科醫師令公布。
1916/01/15	花蓮港殺人犯東原米三郎被執行死刑，為在臺灣第一位日本內地人被執行死刑者。
1916/01/20	安東貞美視察苗栗造橋之瓦斯石油坑，。
1916/01/22	新高銀行開業。
1916/01/23	臺北大屯山降雪。
1916/01/24	臺灣銀行頭取更迭，櫻井鐵太郎新任頭取，柳生一義辭任。
1916/02/03	臺北市內小學校名稱改正。
1916/02/23	臺灣漁業規則並取締規則改正。
1916/03/01	徵兵旅費之件公布。
1916/04/01	自北投起之延長新線鐵道及新北投停車場竣工，營業開始。
1916/04/05	中國福建省代表團巡按使代理汪陽及將軍代理沈觀源，來臺考察。
1916/04/10	臺灣勸業共進會舉行開館式，並舉行飛行機展覽會等餘興。
1916/04/12	國庫金及地方稅規則發布。
1916/04/15	全國新聞記者大會，於臺北鐵道飯店舉行。
1916/04/16	噍吧哖事件首領江定自首。
1916/04/20	圓山動物園，舉行開園式。
1916/04/22	全島圍棋大會，於臺北舉行。
1916/04/23	全島馬拉松競走，並聯珠大會於臺北舉行。
1916/04/27	南洋協會臺灣支部，舉行發會式。
1916/05/06	全島自轉車競走大會，於臺北江瀕街埋立地舉行兩天，選手一百數十名出場比賽。
1916/05/07	全島庭球大會，於臺北舉行。
1916/05/12	全島水產大會，於臺北舉行。
1916/05/14	芝山巖殉難者臨時祭典舉行。
1916/05/15	總督府圖書館，官制改正。
1916/05/18	臺灣地租規則改正發布。
1916/05/20	臺南廳，移轉至新築廳舍。
1916/05/30	臺北製糖會社與臺灣製糖會社合併。
1916/06/01	打狗幼稚園與臺中幼稚園，舉行開園式。
1916/06/01	臺灣銀行基隆支店，舉行落成式。
1916/06/06	鳳山丸於基隆卑南間航行中沉沒，全員平安。
1916/06/25	臺灣無盡會社，開始營業。
1916/07/03	噍吧哖事件首領江定以下37名，死刑判決公布。
1916/07/03	海賊橫行新竹海域，巡查兩名遭到殺害。
1916/07/12	臺南電軌鐵道株式會社設立。
1916/08/17	植村正久來臺，舉行講演會及日本基督教會獻堂式。
1916/09/13	臺灣公醫規則改正。
1916/09/13	噍吧哖事件首領江定外31名，死行執行。
1916/09/16	臺灣倉庫會社設立。
1916/09/23	臺北美音會，於臺北榮座舉行兩天。
1916/10/26	淡水線列車墜落溪底，輕重傷20餘名。
1916/11/03	皇太子迪宮裕仁親王立太子之禮，於全島各地舉行奉祝。
1916/11/05	南部短艇大競漕會，於打狗港內舉行。
1916/11/15	臺中廳下強震。
1916/12/01	臺灣鐵道運賃改正，運費減輕。
1916/12/02	蕃產物品評會，於桃園廳角板山舉行兩天。
1917/01/04	日本辯護士協會台灣支部於台北朝日座，舉行政談大演說會。
1917/01/05	南投廳強震，壓死者50名輕重傷50餘名，五百餘戶住家毀損。
1917/01/07	南投廳再度強震，二百五十餘戶住家毀損。
1917/01/08	大屯山降雪，多量積雪達八合目以上。
1917/01/08	臺中廳下原住民襲擊丹大社駐在所。
1917/02/09	臺北市降霜，領臺後隔11年再度降霜。
1917/02/21	外國旅券規則改正發布。
1917/02/21	甘為霖(威廉·坎貝爾 William Campbell)返國，自明治4年渡臺傳教以來，對臺灣盲人教育貢獻甚鉅。
1917/02/21	阿里山貨車翻覆，一人即死，4人輕重傷。
1917/02/26	臺灣冰糖會社解散。
1917/03/06	大阪角力小染川一行，於臺北新起街市場內舉行表演。
1917/03/09	臺灣煙草專賣規則施行規則改正。
1917/03/09	南投廳集集支廳發生旋風，1棟住家遭捲上空中而粉碎。
1917/03/18	樺山大將壽像除幕式，於基隆車站前舉行。
1917/03/27	臺灣地方稅則施行規則改正。
1917/03/27	貴族院書記官長柳田國男來臺。
1917/03/30	下村民政長官同柳田國男書記官長，蕃地視察。
1917/04/10	私立臺灣佛教中學林舉行開林式。
1917/04/16	私立靜修女學校舉行開校式。
1917/04/17	花蓮港太魯閣支廳饅頭山新開道路崩壞。
1917/04/18	阿緱廳下發生強烈旋風，49棟住家遭到破壞。
1917/04/20	東洋協會臺灣支部附屬私立臺灣商工學校於總督府師範學校附屬小學校舉行開校式。
1917/04/26	因強烈旋風豪雨，嘉義廳下住家一百數十戶倒塌，阿緱澎湖兩廳受旋風襲擊損害頗多。
1917/05/04	花蓮港豐田村，舉行埤圳通水式。
1917/05/10	艋舺義塾開課。
1917/05/23	新竹桃園兩廳下原住民大鬥爭，死傷十數名。
1917/05/26	臺南高等女學校舉行開校始業式。
1917/05/28	總督府商業學校，官制同規則發布。
1917/06/03	臺北後村圳，舉行建碑式。
1917/06/08	羅馬大司教ルドビクス，來臺各地視察。
1917/06/09	水產會社鰹節工場，舉行落成式。
1917/06/14	總督府商業學校，舉行開校式。
1917/06/17	總督府殖產局附屬商品陳列館，於臺北苗圃開館。
1917/06/17	臺南公園舉行開園式，并舉行水道通水式。
1917/06/17	臺南公園內新設自動電話。
1917/06/28	臺南安平海域因暴風雨，出航捕漁中的竹筏五十艘遇難，150餘名失蹤。
1917/07/08	鶯歌石附近列車翻覆，輕重傷十數名。
1917/07/08	臺北理髮業雇職人同盟，罷工。
1917/07/15	臺灣ハリストス（基督東正教會），正教婦人會於臺北八甲庄̠正教會舉行發會式。
1917/07/23	蕃人金錢物品授受相關事項發布。
1917/07/24	宜蘭鐵道，舉行起工祝賀會。
1917/07/25	海底電線、水利、鐵道三大事業預算通過，於臺北舉行祝賀會。
1917/07/26	阪元飛行中尉，於古亭庄̠練兵場試驗飛行。
1917/07/27	總督府研究所山口技師左手之前被龜殼花咬傷病危，已經痊癒。
1917/07/31	拓殖局官制公布。
1917/08/05	於臺中練兵場，舉行中部耐熱飛行。
1917/08/31	臺北手形（票據）交換所，指定。
1917/09/08	新竹凶蕃，舉行和解埋石式。
1917/09/25	臺灣總督官邸，暫時移轉至古亭庄別邸。
1917/09/26	德島縣知事末松偕一郎任臺灣財務局長，原中川財務局長轉任群馬縣知事。
1917/09/27	於臺北府前街第一消防詰所樓上，舉行澤井市藏銅像除幕式。
1917/10/09	郵便振替貯金規則改正發布。
1917/10/13	稻江信用組合成立。
1917/10/17	北部短艇競漕會，於基隆港舉行。
1917/11/04	南部短艇競漕會，於打狗港內舉行。
1917/11/06	臺中停車場，舉行改築落成式。
1917/11/16	大谷光瑞，來臺各地巡錫。
1917/11/17	臺灣總督府工業講習所，規則發布。
1917/11/17	臺中教育展覽會，舉行開會式。
1917/12/13	廈門商務總會總理黃慶元一行十名，來臺北街觀光。
1917/12/18	臺灣新聞紙令公布。
1917/12/20	水產試驗船凌海丸，出發進行海流調查。
1917/12/21	於林業試驗場舉行法國宣教師フオーリー銅像除幕式，フオーリー氏乃臺灣植物界的恩人。
1917/12/26	李崠山方面積雪三尺，創本島新記錄。
1917/12/29	早大野球團來臺，與臺灣團進行比賽帶動野球熱高潮。
1918/01/01	總督府營林局木材價格，上漲三成五。
1918/01/03	七堵炭坑瓦斯爆發，21人當場死亡5人輕重傷。
1918/01/13	於總督府農業試驗場，舉行農物產品評會。
1918/01/31	槍砲火藥取締施行規則，改正發布。
1918/01/31	寒氣凜冽，養魚凍死眾多。
1918/02/04	臺北中央公會，決議解散。
1918/02/16	奇術師天華一行，於朝日座開演。
1918/02/23	台灣礦業會社設立。
1918/02/24	於嘉義廳樸仔腳支廳，舉行鼠疫撲滅祝賀會。
1918/03/02	移民指導規則廢止，官營移民廢止。
1918/03/03	臺灣商事報改名為臺灣經世新報。
1918/03/06	阿里山大火，六日起燒三晝夜。
1918/03/09	臺灣經世新報主辦政談大演說會，於臺北朝日座舉行。
1918/03/10	臺南少年團，舉行結團式。
1918/03/11	舉行桃園製茶品評會。
1918/03/17	宮川一水翁建碑式，於草山溫泉舉行。
1918/03/17	街路取締規則發布。
1918/03/23	基隆炭礦會社設立。
1918/03/31	臺灣公學校規則，改正發布。
1918/04/02	臺灣總督府醫學專門部，規則發布。
1918/04/27	艋舺驛舉行落成式。
1918/04/27	大島久滿次翹毛，曾任臺灣警視總長與民政長官。
1918/04/30	臺灣果物會社設立。
1918/05/01	臺灣拓殖製茶會社設立。
1918/05/18	臺灣電氣協會，舉行發會式。
1918/06/01	腦脊髓膜炎，指定為傳染病。
1918/06/06	明石元二郎出任第七任臺灣總督。
1918/06/11	總督府醫學校規則發布。
1918/06/13	臺北廳參事林熊徵，兼大稻埕區長就任。
1918/06/17	本島製紙捲菸草敷島，由專賣局開始販售。
1918/06/22	鶯歌石驛列車衝突翻覆，死傷五十餘名。
1918/06/26	臺灣違警令發布，自明治41年由府令所發布之警察違警例廢止。
1918/07/02	總督明石元二郎昇陸軍大將。
1918/07/13	私立醫院規則發布。
1918/07/16	瓦斯使用規則發布。
1918/07/26	勳六等儒醫黃玉階仙逝，享年六十九。
1918/08/01	警察本署，移轉至總督府新廳舍。
1918/08/18	總督府工業學校官制發布。
1918/08/19	新高山主山一帶降雪。
1918/08/24	荷蘭政府自今年九月十五日以後，禁止包種茶輸入至爪哇。
1918/09/05	阿里山降霜，為本年度之初霜。
1918/09/21	砂糖消費稅法，施行規則改正發布。
1918/09/21	南投炭礦株式會社設立。
1918/09/25	國勢調查施行令公布。
1918/09/26	前臺灣銀行頭取柳生一義雕像，於新公園揭幕。
1918/09/27	臺南孔子廟修築，舉行落成式。
1918/10/01	軍需工業動員法，施行之件公布。
1918/10/01	郵商船自由航路，運費上漲開始實施。
1918/10/01	中央山脈橫斷道路完成，開始遞送郵便物。
1918/10/04	總督府工業學校規則發布。
1918/10/07	米穀移出商同業組合，舉行組合大會。
1918/10/07	林本源製糖紛爭，社員四十餘名退社。
1918/10/13	花蓮港街大火，住家四百餘戶燒毀。
1918/10/25	新竹神社舉行鎮座祭。
1918/10/31	本月惡性流行感冒肆虐。
1918/11/01	全島醫院長會議，於總督府醫學校舉行。
1918/11/05	因應惡性流行感冒，台北市內所有學校放假五天 : ）。
1918/11/05	因惡性流行感冒造成從業員不足，臨時貨車運轉中止。
1918/11/14	中部海岸線鐵道問題，台中市民代表向下村宏民政長官陳情。
1918/11/18	山下汽船會社，於台北設支店，基隆、高雄、臺南各設置出張所。
1918/11/20	傭人扶助令公布。
1918/11/20	全國上水道會議，於臺灣總督府舉行，工學博士大井清等29名出席。
1918/11/26	臺北醫院出火，機關庫全部燒毀。
1918/12/06	圓山護國臨濟禪寺住持，長谷慈圓仙逝。
1918/12/11	臺灣紡織株式會社設立。
1918/12/17	法政大學野球團，來臺巡迴比賽。
1918/12/28	臺中有志之士就中部海岸線鐵道問題，於臺中座舉行演說會。
1918/12/29	傭人扶助令，施行規則發布。
1919/01/04	臺灣教育令公布。
1919/01/04	新高銀行臺南支店設置，開始營業。
1919/01/13	高砂麥酒株式會社設立。
1919/01/18	米穀移出，許可之件發布。
1919/01/21	新高製冰會社與大日本製冰會社合併。
1919/01/29	華南銀行舉行創立總會。
1919/02/04	大屯山降雪，一缸子的人上山賞雪。
1919/02/05	北投窯業株式會社設立。
1919/02/20	林內車站內鐵路貨車相撞，四輛列車粉碎數人輕重傷。
1919/03/08	錫口臺灣總督府成德學院，舉行落成式。
1919/03/10	技師新元鹿之助升任鐵道部長，下村鐵道部長解職。
1919/03/15	華南銀行開始營業。
1919/03/23	宜蘭蘇澳間鐵道，舉行開通式。
1919/03/31	高中等學校官制公布，包括高等商業學校，醫學專門學校，商業專門學校，師範學校，公立高等普通學校，公立女子高等普通學校，公立高等女學校，公立實業學校，公立簡易實業學校各官制。
1919/03/31	師範學校規則發布。
1919/03/31	師範學校附屬小公學校規則發布。
1919/03/31	臺北水道恩人巴爾頓博士胸像，舉行揭幕式。
1919/03/31	臺灣總督府完工。
1919/04/06	釋尊降誕會，於臺北新公園舉行花祭。
1919/04/15	新高銀行臺中及打狗出張所，開始營業。
1919/04/15	小包郵便料，漲價五成開始實施。
1919/04/20	臺灣製腦株式會社設立。
1919/04/20	公立學校規則發布，包括公立高等普通學校，公立女子高等普通學校，公立簡易實業學校。
1919/04/25	臺灣電力株式會社令公布。
1919/04/25	阿里山神社，舉行遷座式。
1919/05/01	基隆臺北間鐵道複線，舉行試運轉式。
1919/05/05	八堵瑞芳間鐵道，舉行開通式。
1919/05/06	臺灣舊慣調查會規則廢止。
1919/05/12	基隆魚市場大火，全部燒光光。
1919/05/21	高官大異動，相賀嘉義廳長轉任土木局長，富島台北廳長轉任警視總長，齋藤阿緱廳長轉任電信局長等。
1919/05/25	臺灣電化會社設立。
1919/05/27	鐵道部移轉至新築廳舍。
1919/06/01	淡水高爾夫球場，舉行開場式。
1919/06/02	彰化銀行基隆出張所，開始營業。
1919/06/07	第二特務艦隊之德意志潛水艇7艘，進入馬公港。
1919/06/08	專門學校規則發布，包含商業專門學校規則及農林專門學校規則。
1919/06/10	臺灣公醫候補生規則廢止。
1919/06/21	荷蘭政府對臺灣輸入爪哇的包種茶，輸入解禁。
1919/06/27	總督府官制改正，民政部轄下設內務，財務，遞信，殖產，土木，警務等六局，另設法務部，廢止警察本署，地方部及學務部。
1919/06/30	隈本師範學校長，轉任高等商業學校長。
1919/07/01	表祝講和成立暨平和記念觀兵式，於臺北古亭庄練兵場舉行。
1919/07/01	臺南手形交換所指定。
1919/07/04	明石總督因流感引發肺炎，發布病篤消息。
1919/07/08	澎湖廳下出現12名霍亂患者，有蔓延的跡象。
1919/07/20	臺北市內乘合自動車，開始營業。
1919/07/21	彰化銀行增資，資本金六百萬圓增資。
1919/07/28	總督府作業所官制廢止。
1919/07/30	集金郵便振替貯金，特別取扱規則發布。
1919/07/31	臺灣電力株式會社設立。
1919/08/01	高木友枝任臺灣電力株式會社社長，角源泉同任副社長。
1919/08/07	專賣局菸草漲價實施。
1919/08/08	法院條例改正，分為地方法院及高等法院，高等法院轄下設覆審部及上告部。
1919/08/09	臺東街全滅，受到暴風雨摧殘的臺東街，百餘家屋全部倒塌死傷百餘名。
1919/08/10	總督府法院判官谷野格高，轉任高等法院長。
1919/08/20	明石總督兼任臺灣軍司令官。
1919/08/25	暴風雨橫貫全臺，災情頗多。
1919/08/25	薩摩丸沉沒於澎湖海域，僅川端幸一倖存。
1919/09/22	臺灣製紙株式會社，於士林成立。
1919/09/23	高砂興業株式會社設立。
1919/09/28	國防用防禦營造物，區域取締規則廢止。
1919/09/29	臺灣軌道株式會社設立。
1919/10/04	國勢調查施行規則發布。
1919/10/10	朝日製糖株式會社設立。
1919/10/17	明石總督再度發病，於門司港上陸後於福岡療養。
1919/10/17	宜蘭神社舉行遷座祭。
1919/10/17	臺中水泳場舉行開場式。
1919/10/19	三角湧輕鐵臺車翻落溪底，曾任臺北辯護士會長之山口十次郎當場死亡。
1919/10/24	總督明石元二郎仙逝，享年五十六也。
1919/10/29	男爵田健次郎任命為臺灣總督，乃初代文官總督。
1919/11/03	明石總督葬儀於臺北三板橋舉行。
1919/11/03	臺中高等普通學校學生暴行，兩百名學生襲擊破壞臺中街洗滌業者家屋。
1919/11/04	臺灣森林令公布。
1919/11/08	阿緱神社舉行鎮座祭。
1919/11/11	田健次郎總督到任。
1919/11/15	宜蘭礁溪間鐵道開始運轉。
1919/11/23	臺灣鐵工所設立。
1919/11/24	臺東街大火，四十戶住家燒毀。
1919/11/29	伊澤修二建碑式，於芝山巖舉行。
1919/11/30	臺中火車站火車相撞翻覆，列車三輛毀壞輕重傷數名。
1919/12/01	質屋取締法施行之件公布。
1919/12/02	臺灣勸業無盡會社設立。
1919/12/13	大和製糖株式會社設立。
1919/12/15	臺灣航路汽船運費，漲價兩成。
1919/12/15	桃園大圳舉行起工式，。
1919/12/15	新竹製糖株式會社設立。
1919/12/20	基隆劇場株式會社設立。
1919/12/29	小公學校教員免許令，施行規則發布。
1919/12/31	惡性流感蔓延，病死者頗多。
1920/01/01	臺灣流行性感冒蔓延，新年慶賀活動甚為寂寥。
1920/01/07	臺北江瀕街埋立地記念碑，舉行除幕式。
1920/01/11	臺灣漁業取締規則改正，發布。
1920/01/14	臺北記者俱樂部設立。
1920/01/14	西螺大火，嘉義廳下西螺支廳轄區內一庄60餘戶燒毀，幾乎滅庄。
1920/01/14	阿里山連峰積雪。
1920/01/15	南洋倉庫株式會社，舉行創立總會。
1920/01/21	曾任臺灣頭取之柳生一義仙逝。
1920/01/24	臺灣煉瓦會社，增資三百萬圓。
1920/02/11	基隆上家使用規則發布。
1920/02/13	地理監查規定發布。
1920/02/14	國稅徵收規定發布。
1920/02/21	臺北師範學校之教育會，主辦國語演習會兩天。
1920/02/21	青島民政署派遣之本島教育視察團，祝光次郎外三名來臺各地視察。
1920/03/02	大阪府天王寺師範學校校長外六名，來臺視察地方教育狀況。
1920/03/08	臺灣節約同盟會設立。
1920/03/28	新竹驛附近鐵道貨車衝突，十數輛貨車撞毀。
1920/04/01	臺灣總督府警務局，設立警察飛行班。
1920/04/02	臺灣遊興稅規則發布，4月10日開始實施。
1920/04/03	淡水河面架式之木造臺北橋，舉行渡初式。
1920/04/03	株式現物商同業組合，舉行創立總會。
1920/04/06	北勢番番害頻發，蕃地搜索隊編成。
1920/04/10	文官服制改正，戴略帽並廢止配劍。
1920/04/16	警察飛行班於臺北練兵場，舉行試驗飛行，田健治郎總督蒞臨。
1920/04/17	田健治郎總督本日起至臺灣東部視察。
1920/04/20	臺灣炭業株式會社，舉行創立總會。
1920/04/20	大正醬油會社，舉行創立總會。
1920/04/23	宜蘭廳本島人觀光團25名，前往日本內地產業視察。
1920/05/06	嘉義廳打貓支廳發生旋風，住家數十棟倒潰。
1920/05/07	阿里山鐵道列車翻覆，死傷者數名。
1920/05/11	參事官片山秀太郎，任命為高等商業學校校長。
1920/05/15	田健治郎總督出發前往阿里山及澎湖視察。
1920/05/16	警察飛行班開始蕃地偵查飛行。
1920/05/25	臺北市內之大本教教徒大村龜太郎外五名，受戒告處分。
1920/05/27	臺灣中北部受到豪雨肆虐，被害頗多。
1920/05/30	新高銀行增資六百萬圓。
1920/05/30	醫學專門學校，醫學專門部規則改正發布。
1920/05/31	田健治郎總督前往基隆視察。
1920/06/02	農業基本調查會，於總督府一連舉行5田。
1920/06/04	望月恆造出任臺北地方法院院長，金子保次郎出任臺南地方法院院長。
1920/06/05	臺灣全島發生強震，全壞家屋118戶24人死亡，臺北測候所地震計破損。
1920/06/06	宜蘭鐵道現猴洞頂雙溪間工程，因地震隧道崩塌，工人20名活埋，後全員無事救出。
1920/06/08	臺北城東小學校學生遠足歸校之際，於錫口渡船場發生渡船翻覆，學生2人溺斃。
1920/06/13	嘉義副業品評會、衛生展覽會及煙草品評會及學藝展覽會，於嘉義廳舍舉行五天。
1920/06/13	古川清一仙逝享年53，古川從事訴訟代理人辯護士，曾任臺北防疫組合長及大稻埕公會長。
1920/06/16	臺北公設質鋪，營業開始。
1920/06/17	始政25年記念日，於臺灣神社舉行記念祭。
1920/06/17	於始政25年記念日，田健治郎總督表揚15年以上之勤續官吏。
1920/06/17	原住民プヨン社所在地攻佔，倉庫12棟住家10棟被焚毀。
1920/06/18	臺北商工會向總督府提出貨幣代用品取締建議。
1920/06/27	二葉俱樂部於臺北新公園，舉行陸上競技會，從此臺灣陸上競技逐漸流行。
1920/06/27	美國婦人觀光團一行10人，來到臺北市觀光唷。
1920/07/06	臺中東勢角支廳轄下原住民大舉襲擊隘勇線，警官以下死傷者10名。
1920/07/12	基隆大火，基隆驛頭旁的三旅館燒毀。
1920/07/17	新竹廳轄下之シャカロ-警戒所遭到原住民襲擊，彈藥五千五百發被搶。
1920/07/18	為支援州廳設置運動，嘉義舉行市民大會。
1920/07/18	為支援發電所設置運動，基隆舉行市民大會。
1920/07/23	為支援鐵道速成運動及宜蘭廳之存置，宜蘭舉行市民大會。
1920/07/27	淡水線士林驛發生列車衝突，輕重傷6名。
1920/07/27	地方制度大改正，州制市制街庄制公布，五州二廳三市47郡155街庄。
1920/08/01	臺灣所得稅令公布。
1920/08/01	臺灣酒造稅規則改正發布。
1920/08/08	臺灣中南部地方豪雨，被害甚鉅。
1920/08/10	州廳郡街庄名稱位置管轄區域制定。
1920/08/10	全臺灣島地名改正。
1920/08/10	臺北炭礦株式會社增資五百萬圓，改名為臺陽礦業株式會社。
1920/08/13	中川小十郎就任臺灣銀行頭取。
1920/08/16	內地直航船，開始實施檢疫。
1920/08/20	元大藏省理財局長森俊六郎，轉任臺灣銀行副頭取。
1920/08/25	田健治郎總督與柴軍司令官，招待美國英國荷蘭三國領事一起來吃晚餐啦。
1920/08/25	臺北廳應援隊巡查遭到原住民襲擊，兩名當場死亡一名重傷。
1920/08/25	基隆築港第三期完成，舉辦祝賀會。
1920/08/26	大湖口驛鐵道貨車翻覆，四輛毀損重傷者3名。
1920/08/27	官佃溪埤圳組合總代，舉行協議會。
1920/08/27	臺灣合同電氣株式會社，舉行創立總會。
1920/08/31	臺灣刑事令改正公布。
1920/09/01	州知事及市尹任命，武藤針五郎任臺北市尹，金子惠教任臺中市尹，荒卷鐵之助任臺南市尹，各州舉行開廳式。
1920/09/03	臺灣全島受暴風雨襲擊，被害頗多，剛竣工之臺北橋流失。
1920/09/18	臺中州下原住民サラマオ蕃攻擊合流分遣所，守屋巡查以下七名遭到斬首，門岡駐在所亦遭襲擊，久保警部補以下四名遭到斬首。
1920/10/01	國勢調查，全島一齊實施。
1920/10/04	警察飛行班實施爆擊飛行攻擊原住民蕃地中，飛行機墜落遠藤警部即死，依田特務曹長負傷。
1920/10/17	體育協會，舉行發會式。
1920/10/17	謝文達於臺中做鄉里訪問飛行，為本島人飛行之嚆矢。
1920/10/17	臺北市發現コレラ(霍亂)患者，臺北市內禁止生果物與生魚販賣。
1920/10/26	故明石總督一年祭，於三板橋塋域舉行。
1920/11/04	萱原分遣所遭到臺灣原住民襲擊，巡查以下9名被殺害。
1920/11/05	高砂歌劇協會少女歌劇，本日起於榮座開演。
1920/11/10	臺灣州戶稅規則發布。
1920/11/17	搜索隊殺害25名日前發動襲擊的臺灣原住民。
1920/11/23	臺中商業學校生徒同盟休校。
1920/11/30	屏東飛行場開設。
1920/12/05	基隆輕鐵臺車翻覆，8人當場死亡數名重傷。
1920/12/15	モルヒネ（morphine）與コカイン（cocaine），取締規則發布。
1920/12/16	國事調查發表，本島總人口365萬4398人。
1920/12/21	臺灣內地間等通航船舶，取締規則發布。
1920/12/24	臺中清水間海岸線，舉行試運轉。
1920/12/27	基隆大火，住家50餘戶燒毀。
1920/12/31	本年中新設會社共116會社，資本金6831萬。
1921/01/08	美國職業野球團來臺，於臺北市與全台灣野球團舉行比賽，並至中南部舉行巡迴比賽。
1921/01/14	基隆船渠會社所有之臺福丸，於福州海域沉沒。
1921/01/17	臺灣各銀行代表聚集於臺灣銀行，舉行金融調節會議。
1921/01/22	八通關越道路東段竣工，起點玉里、終點大水窟，總長21日里7町。
1921/01/24	明治製糖會社農場發生黑穗病，實施燒卻驅除法來遏止蔓延。
1921/01/26	臺灣總督府於臺北州下，買收前年至今腐敗茶葉，並予廢棄處分。
1921/01/26	霞喀羅原住民襲擊見晴分遣所。
1921/01/26	カヨ、カイヤイ兩社原住民，舉行暫時歸順式。
1921/01/28	臺灣燐礦株式會社設立。
1921/01/30	林獻堂連同178位旅日台民向帝國議會首次提出《臺灣議會設置請願書》，開啟了臺灣議會設置請願運動。
1921/02/01	嘉義驛內機關車衝突，數名輕重傷。
1921/02/03	在基隆海域捕魚之發動汽船受到暴風雨襲擊而多數行蹤不明，出動驅逐艦搜索中。
1921/02/03	三叉驛發生列車衝突，十數名輕重傷。
1921/02/04	大屯山七星山竹仔山一帶降雪。
1921/02/10	臺灣風俗誌由片岡巖編纂發行。
1921/02/12	醫學專門學校內，山口與高木兩博士胸像舉行除幕式。
1921/02/12	醫學專門學校豫科學生，發動昇格運動。
1921/02/17	全臺灣島料理業者貸座敷業者舉行聯合大會，決議發動遊興稅撤廢請願。
1921/02/22	工場胎權規則改正公布。
1921/02/25	警察航空班警部高柳幸，於操縱中島式飛行機飛行途中墜落而重傷，之後不幸死亡。
1921/03/15	法律第三號公布，將日本本土的法律以天皇「敕令」的方式適用於臺灣，本法將於大正11年1月1日施行。
1921/03/18	學校生徒兒童身體檢查規則制定。
1921/03/18	馬公港內之春日艦，艦載飛行機舉行練習飛行。
1921/03/22	鶯歌驛附近貨車列車翻覆，貨車21輛粉碎。
1921/03/22	第二遣外艦隊，基隆入港。
1921/03/22	大永興業株式會社設立。
1921/03/24	陸軍軍醫監下瀨謙太郎，被任命為臺北醫院院長。
1921/03/24	萬華新店間之臺北鐵道，舉行試運轉式。
1921/03/25	蕃地交通規則廢止。
1921/03/26	臺灣小學校規則，改正發布。
1921/03/31	臺北防疫組合解散。
1921/03/31	八通關越道路西段竣工，總長32日。
1921/04/08	防疫組合規則廢止。
1921/04/08	東京角力栃木山一行自本日起於臺北江瀕街埋立地，一連表演五天。
1921/04/10	學校傳染病豫防規則發布。
1921/04/14	臺灣所得稅令，改正發布。
1921/04/15	輸出入植物取締規則發布。
1921/04/17	臺北鐵道株式會社於新店舉行臺北新店間鐵道開通式。
1921/04/24	臺灣公學校令廢止。
1921/04/27	公立中等學校規則，包含公立中學校、公立高等女學校、公立實業學校等，規則及官制發布。
1921/04/28	笞刑(鞭刑)處分例廢止。
1921/05/01	臺灣電氣興業株式會社成立。
1921/05/03	受總督府補助，山下汽船會社以大華丸，開始海防航路的初航。
1921/05/05	鐵道協會總會於臺北鐵道ホテル舉行，日本內地的協會會員共195名來台列席。
1921/05/10	林本源製糖會社社長更替，林熊徵出任社長，林鶴壽引退。
1921/05/13	九州臺灣間連絡海軍飛行機降落於基隆港內，開始內臺連絡海軍飛行。
1921/05/14	新高商事會社解散。
1921/05/20	高等商業校教授中屋重治（日语：中屋重治）被任命為在外研究員。
1921/05/27	李得生自明治32年以來23年間擔任海軍幕僚定夫，接受軍令部長表揚。
1921/06/01	臺灣總督府評議會員，官制公布。
1921/06/01	高等法院長谷野格外二十四名總督府評議會員任命。
1921/06/10	時宣傳，正午時刻正時，舉行全臺灣島宣傳活動。
1921/06/11	第一回臺灣總督府評議會，11日至15日間於臺灣總督府舉行。
1921/06/14	北海道帝大總長佐藤昌介，來臺各地視察。
1921/06/21	阿里山鐵道貨物列車發生事故，2人當場死亡，13人輕重傷。
1921/07/11	專賣局長賀來佐賀太郎就任臺灣總督府總務長官，元總務長官下村宏去職。
1921/07/15	千代田俱樂部記者團，一行七名來臺視察。
1921/07/18	臺北府前街發生大火，住家十三戶燒毀。
1921/07/31	日本領臺以來創最高溫紀錄，氣溫達到華氏101.5度(攝氏38.6度)。
1921/08/02	臺灣總督府中央研究所官制公布。
1921/08/05	臺北魚市會社，與臺灣トロ-ル會社合併。
1921/08/15	衛生展覽會，於臺北江瀕街埋立地舉行。
1921/08/15	東洋汽船會社大洋丸基隆港入港，乃基隆港築港以來，第一艘兩萬噸級的汽船。
1921/08/17	臺灣無盡業法，施行規則發布。
1921/08/18	臺灣教育會派遣臺灣宣傳活動寫真映画委員，前往日本內地宣傳。
1921/08/21	雜誌新臺灣廢刊。
1921/08/25	臺灣總督府評議會員更換，富地近思依願免職，新任評議會員田村武七上任。
1921/08/29	日本東宮殿下臺灣海峽御通過，田健治郎總督代表祝電。
1921/09/05	能高蕃大舉襲擊サラマオ蕃。
1921/09/17	局長知事更迭，相賀照鄉臺北州知事轉任警務局長，宮內省調度頭吉田平吾任遞信局長，判官高田富藏任臺北州知事。
1921/09/27	飲食物取締規則發布。
1921/09/29	原動機取締規則發布。
1921/10/08	局長知事更迭，事務官池田幸甚任專賣局長，事務官吉岡荒造任臺南州知事，大藏省專賣局參事官常吉德壽任新竹州知事。
1921/10/12	比律賓總督ウツド來臺，訪問田健治郎總督。
1921/10/15	全島小學校教育大會，於師範學校舉行。
1921/10/17	臺灣文化協會於台北市大稻埕靜修女子學校舉行創立大會。
1921/10/20	加福豐次逝世享年四十七，歷任檢察官，臺北廳臺中州知事。
1921/10/24	全島漢詩人茶話會，於總督官邸舉行。
1921/10/24	鐵道部員表彰。
1921/10/30	教育功勞者表彰於總督府舉行，表揚松山捨吉等十四名教育功勞者。
1921/10/30	中學校設立運動，於屏東舉行市民大會，發起中學校設置運動。
1921/11/01	フ-ト博士應臺灣電力會社招聘來臺，前往中南部地方視察。
1921/11/12	第十七回教育會總會，於艋舺公學校舉行。
1921/11/14	大屯山金礦採掘許可，批准臺北兒玉礦業所大屯山金礦採掘。
1921/11/19	第十六回醫學會大會，於總督府醫學專門學校舉行。
1921/11/25	皇太子裕仁親王攝政之件宣布。
1921/11/28	全島埤圳大會，於宜蘭舉行兩天。
1921/11/30	臺灣貯蓄銀行，舉行創立總會。
1921/12/11	臺東開拓株式會社設立。
1921/12/11	臺灣正米市場規則發布。
1921/12/21	高雄劇場，舉行開場式。
1921/12/28	全島酒造業者大會，於臺北舉行。
1921/12/28	臺灣水利組合令發布。
1921/12/31	在苗栗縣後龍鎮過港地區開挖縱貫鐵路隧道，發現過港貝化石層。
1923/09/06	內田嘉吉出任第九任臺灣總督。
1923/12/16	治警事件，許多台籍菁英遭到政府警檢逮捕、傳訊以及起訴。
1924/09/01	伊澤多喜男出任第十任臺灣總督。
1926/07/16	上山滿之進出任第十一任臺灣總督。
1926/12/25	大正天皇駕崩。
1926/12/25	昭和天皇即位成為第124代天皇。
1928/03/17	臺北帝國大學建校，為臺灣史上第一所大學。
1928/06/16	川村竹治出任第十二任臺灣總督。
1929/01/08	臺灣阿片令施行規則改正，9日開始執行。
1929/07/30	石塚英藏出任第十三任臺灣總督。
1930/03/02	連橫於日本人御用報紙《台灣日日新報》，發表〈臺灣阿片特許問題〉:「故臺灣人之吸食阿片，為勤勞也，非懶惰也；為進取也，非退守也！ …… 我先民之得盡力開墾，前茅後勁，再接再厲，以造成今日之基礎者，非受阿片之效乎？」。
1930/10/27	莫那魯道帶領原住民襲擊霧社分室，霧社事件爆發，警察官及其家屬共134人遭到屠殺。
1931/01/16	太田政弘出任第十四任臺灣總督。
1931/08/05	「臺灣新文化運動之父」蔣渭水因為傷寒病逝於臺北醫院。
1931/08/21	嘉義農林棒球隊奪下日本第17回全國中等學校優勝野球大會的亞軍，創下台灣野球隊伍參賽的最佳成績。
1931/08/23	蔣渭水的大眾葬典禮於臺北永樂町舉行。
1932/03/02	南弘出任第十五任臺灣總督。
1932/05/26	中川健藏出任第十六任臺灣總督。
1932/07/31	張星賢代表大日本帝國參加洛杉磯奧運會，成為首位參與奧運的臺灣選手，同時也是首位參與奧運的華人。
1933/05/03	水飢饉，岡山郡的五分子、新厝子、舊港口三個部落因為大乾旱，陷入無水可喝的慘境。
1933/05/16	水道斷水，因大乾旱斗六街瀕臨斷水危機。
1933/09/28	彰化八卦山溫泉場，舉行落成式。
1933/10/02	台北市乞食收容所愛愛寮，設立財團法人認可。
1935/04/21	新竹-台中地震。清晨6時芮氏規模7.1的地震發生，震央位於今台中市北北東三十公里的大安溪中游，新竹州及台中州(今新竹縣市,苗栗縣及台中市)傷亡嚴重。
1936/09/02	小林躋造出任第十七任臺灣總督。
1938/04/01	松山庄編入臺北市的行政區。
1938/04/27	后里牧場舉行落成儀式，乃臺灣產馬的中樞。
1938/05/19	臺灣總督府交通局鐵道部所屬宜蘭旅行社俱樂部募集龜山島遊覽團，從大溪漁港赴龜山島觀光，中途翻船，除船長、船員兩人還有二十七名旅客中只有四人得救，罹難者包括廖瓊枝的母親。
1938/06/06	屏東下淡水溪治水工事，舉行竣工式，治水工事自昭和2年起工，歷時10年共完成81公里的大護岸。
1939/07/03	川口四郎在豆腐岬採集樣本，為世界最早發現珊瑚產卵的紀錄。
1939/07/13	嘉義高等女學校（今嘉義女中）十三位女學生在三條崙海水浴場溺死。
1940/11/27	長谷川清出任第十八任臺灣總督。
1943/01/08	臺語流行歌手劉清香因為肺癆逝世。
1943/04/01	設置國民學校，開始實施六年制義務教育。
1943/11/25	美軍首次空襲臺灣（新竹州）。
1944/12/30	安藤利吉出任第十九任臺灣總督，是為台灣日治時期的末代總督。
1945/05/31	臺北大空襲，駐菲律賓蘇比克灣的美國第5航空隊派出4支航空大隊共117架B-24轟炸機出動轟炸臺北市，當日約三千多人遭美軍炸死。
1952/04/28	《舊金山和約》正式生效
1952/04/28	中華民國與日本國簽署《台北和約》
