1895/03/23	澎湖之役爆發。
1895/03/25	澎湖群島完全為日軍控制。
1895/03/26	日軍在澎湖群島設置「澎湖列島行政廳」。
1895/04/17	清朝代表李鴻章與日本代表伊藤博文簽署馬關條約。
1895/05/10	樺山資紀被任命為首任臺灣總督。
1895/05/21	日本發表對臺灣的行政區規劃，參考清朝舊制實施三縣一廳制，臺北、臺中、臺南三縣大致對應清朝臺北、臺灣、臺南三府，一廳則為澎湖廳，而原臺東直隸州則改為臺南縣臺東支廳。但是由於臺灣民主國及此後的抗日行動，此一行政規劃實際上並未立即實施。
1895/05/25	臺灣民主國宣布成立。
1895/05/29	日軍近衛師團登陸
1895/06/02	李經方與首任臺灣總督樺山資紀於基隆外海船上換文。
1895/06/06	臺灣總督府相關人員登陸臺灣，以基隆舊海關充當臨時臺灣總督府。臺灣民主國總統唐景崧逃亡。
1895/06/07	日軍佔領臺北府城
1895/06/10	臺灣鐵道線區司令部成立，隸屬於臺灣總督府陸軍局工兵部，掌管鐵路相關事務
1895/06/14	臺灣總督府遷入臺北。日本內閣公布臺灣事務局官制。
1895/06/17	首任臺灣總督樺山資紀在臺北城舉行始政式，正式宣告日本開始進行對臺灣的統治，此日之後被定為「始政紀念日」。
1895/06/22	日軍佔領新竹縣城。
1895/07/16	芝山巖學務部學堂（在芝山巖惠濟宮內）的第一批學生入學。
1895/07/31	臺灣民主國開辦「獨虎郵政」，在安平海關設置郵政局。
1895/08/08	臺北本島仕紳成立保良局以保護良民。
1895/08/13	日軍佔領苗栗縣城。
1895/08/24	臺灣總督府公布〈民政支部及出張所規程〉，將原先規劃的臺中縣與臺南縣改為民政支部，臺北縣與澎湖廳則未更動。
1895/08/25	〈臨時鐵道隊勤務令〉發佈，臨時臺灣鐵道隊隨之成立，後於9月抵臺接管鐵路相關事務。
1895/08/28	八卦山之役；日軍佔領彰化縣城與鹿港。
1895/09/17	臺灣總督府民政局遞信部底下的鐵道課撤銷，事務由臨時臺灣鐵道隊接管。
1895/09/24	臺灣鐵道線區司令部廢止，事務由臨時臺灣鐵道隊接管。
1895/10/07	〈臺灣總督府法院職制〉頒布。
1895/10/09	日軍佔領嘉義縣城。
1895/10/22	日本南進軍司令部進入臺南府城。
1895/10/23	日艦旅順丸載5000名清軍戰俘到金門島。
1895/11/01	日軍佔領恆春縣城。
1895/11/13	臺南民政支部正式設置（亦有11月1日開始運作之說），原先規劃底下有安平、鳳山、恆春、臺東四出張所，正式實施時嘉義出張所從臺灣民政支部改隸臺南民政支部。
1895/11/20	臺灣總督府法院本部（臺北縣）正式開院，11處支部法院在11月22日到12月7日陸續開始運作。
1895/11/29	因應彰化民政出張所改為鹿港民政出張所，臺灣總督府法院彰化支部改稱鹿港支部，並遷入清末的臺灣府城（今臺中市）。
1895/12/30	林大北、林李成於宜蘭地區起兵抗日，進攻頂雙溪、瑞芳等地。
1895/12/31	數百名抗日軍進攻臺北府城南門。臺南民政支部安平出張所裁撤，併入臺南民政支部直轄地。
1896/01/01	抗日軍進攻臺北府城，臺灣總督府緊急將城內的公務員編成「備急隊」抵禦進攻（備急隊於1月18日裁撤），同日芝山岩學堂的六氏先生遭到殺害。依照1895年12月27日的敕令，臺灣、澎湖群島與八重山群島、宮古群島正式實施「西部標準時間」。
1896/03/30	〈六三法〉制定，次日於官報公布。
1896/03/31	日本政府以勅令第九十三號發布〈臺灣總督府撫墾署官制〉，並於次日（4月1日）施行。
1896/04/01	臺灣總督府頒發〈臺灣總督府地方官官制〉，將臺中與臺南民政支部改回縣，底下的出張所改為支廳。
1896/05/01	〈臺灣總督府法院條例〉公佈大阪商船會社開始經營大阪與臺灣之間的總督府命令航路。
1896/05/23	臺灣總督府以府令第十二號公布各地撫墾署的名稱與位置。
1896/06/02	桂太郎就任第二任臺灣總督。
1896/07/15	臺灣總督府法院開始運作。
1896/07/20	於臺中縣彰化設立臨時法院，進行雲林事件、臺中事件、鹿港事件的審判。
1896/09/01	臺灣總督府頒布府令第三十號，禁止有人未經官府與各地撫墾署署長許可就擅闖蕃地。
1896/09/25	〈國語學校規則〉公布。
1896/10/14	乃木希典就任第三任臺灣總督。
1896/10/27	臺灣鐵道會社得到臺灣總督府的成立許可。
1897/01/21	公布〈臺灣阿片令〉。
1897/03/30	公布〈臺灣銀行法〉。
1897/05/08	國籍選擇日到期。
1897/05/17	臺中縣埔里社支廳長兼埔里社地方法院院長、埔里社撫墾署署長檜山鐵三郎因涉嫌強盜、不當營利、教唆恐嚇取財、毀壞民宅與詐欺等罪嫌遭逮捕起訴，6月23日由埔里社地方法院判處懲役五年；同案被告（日人部署、臺人通事）經覆審法院上訴到高等法院，後被駁回維持覆審法院判決。
1897/05/26	國語學校附屬學校設女子部。
1897/06/10	臺灣總督府發布府令第二十號調整臺灣行政區劃，實施六縣三廳制，分別是臺北、新竹、臺中、嘉義、臺南、鳳山六縣與宜蘭、臺東、澎湖三廳。縣、廳之下設置辨務署，辨務署之下有街、庄、社長來協助地方行政事務。
1897/06/26	實施「三段警備制」。
1897/07/01	部分辨務署正式開廳：臺北縣：臺北辨務署、士林辨務署、新庄辨務署、三角湧辨務署、景尾辨務署、桃仔園辨務署、中壢辨務署、滬尾辨務署、樹林口辨務署、基隆辨務署、水返腳辨務署、頂雙溪辨務署、金包里辨務署新竹縣：苗栗辨務署臺中縣：彰化辨務署、埔里社辨務署鳳山縣：恆春辨務署
1897/07/14	部分辨務署正式開廳：澎湖廳：媽宮辨務署、隘門辨務署、小池角辨務署、大赤崁辨務署
1897/07/17	部分辨務署正式開廳：新竹縣：新竹辨務署
1897/07/20	部分辨務署正式開廳：臺南縣：臺南辨務署、關帝廟辨務署、灣裡辨務署、大穆降辨務署、噍吧哖辨務署、蕃薯藔辨務署
1897/07/26	部分辨務署正式開廳：澎湖廳：綱按辨務署
1897/08/01	部分辨務署正式開廳：鳳山縣：打狗辨務署宜蘭廳：頭圍辨務署、宜蘭辨務署、羅東辨務署、利澤簡辨務署
1897/08/16	部分辨務署正式開廳：嘉義縣：嘉義辨務署
1897/08/18	原歸臺南縣灣裡辨務署管理的廣儲東里改由大穆降辨務署管理；原歸澎湖廳隘門辨務署管理的嵵裡澚改由媽宮辨務署管理
1897/08/19	部分辨務署正式開廳：嘉義縣：斗六辨務署
1897/09/01	部分辨務署正式開廳：新竹縣：北埔辨務署、新埔辨務署、頭份辨務署鳳山縣：鳳山辨務署、內埔辨務署
1897/09/10	部分辨務署正式開廳：鳳山縣：阿公店辨務署、大湖辨務署
1897/09/11	部分辨務署正式開廳：新竹縣：苑裡辨務署、大甲辨務署
1897/09/15	部分辨務署正式開廳：臺中縣：南投辨務署、臺中辨務署、葫蘆墩辨務署、犁頭店辨務署、牛馬頭辨務署、大肚辨務署、和美線辨務署、鹿港辨務署、二林辨務署、北斗辨務署、社頭辨務署、員林辨務署、集集辨務署
1897/09/20	部分辨務署正式開廳：鳳山縣：阿猴辨務署、阿里港辨務署
1897/10/01	部分辨務署正式開廳：臺東廳：卑南辨務署、奇萊辨務署
1898/01/28	〈私立學校設置廢止規則〉公布。
1898/02/26	兒玉源太郎就任第四任臺灣總督。
1898/03/02	後藤新平擔任臺灣總督府內務局長。
1898/06/20	日本政府發布並施行勅令第百八號（6月18日簽章）重訂〈臺灣總督府地方官官制〉，該勅令第一條將臺灣行政區劃分為臺北、臺中、臺南三縣與宜蘭、臺東、澎湖三廳，至於其位置與轄區則由臺灣總督定之。此外原本在縣廳之下設置的撫墾署與警察署併入辨務署，辨務署第二課接掌警察行政，第三課則接掌蕃地行政。三段警備制撤銷。後藤新平擔任民政長官。
1898/06/28	臺灣總督府發布府令第三十八號公告六縣整併成三縣之後的轄區，並以府令第三十九號調整縣廳底下各辨務署的轄區。
1898/07/01	臺灣總督府發布府令第四十二號，於澎湖廳設置隘門、小池角、大赤崁、網垵四個出張所。
1898/07/17	公布〈臺灣地籍規則〉及〈土地調查規則〉。
1898/07/28	《官報》刊載昨日（7月27日）天皇裁可公布的〈臺灣公學校令〉（勅178）、〈臺灣公學校官制〉（勅179）、〈臺灣總督府小學校官制〉（勅180）。
1898/08/06	因颱風引進的西南氣流在中部造成大量降雨，清水溪上游草嶺潭潰決，洪水流入濁水溪舊道，使得濁水溪下游改道。該次大水即是所謂的戊戌大水災。臺北城內發生大水災，截至8月9日上午為止，官方媒體統計臺北城內外一帶共計85人死亡，其中半數以上為大稻埕住民。8月10日的《臺灣日日新報》裡的特稿《災餘誌感》將水災傷亡慘烈歸咎於婦女纏足。
1898/08/16	臺灣總督府發布府令第七十六號，於臺東廳增設花蓮港出張所。
1898/08/31	公布〈保甲條例〉。
1898/09/05	臨時臺灣土地調查局成立。。
1898/11/05	頒布〈匪徒刑罰令〉。
1898/12/13	臺灣總督府發布府令第百十號，於澎湖廳增設媽宮出張所。
1898/12/25	滾水清庄事件
1898/12/26	六班長清庄事件
1899/02/08	〈六三法〉公告延長。
1899/03/31	公布〈師範學校官制〉。
1899/04/01	臺灣總督府醫學校舉行首屆開學典禮（開校式）。
1899/09/26	臺灣銀行開業。
1899/10/25	臺灣鐵道會社召開創立發起人總會，宣告解散，次日將公司解散事宜報告臺灣總督。
1899/11/08	臺灣總督府鐵道部正式成立。
1900/02/06	黃玉階倡組天然足會。
1900/03/09	公布〈治安警察法〉。
1900/05/03	臺灣總督府發布府令第四十二號調整臺東廳底下的出張所，除原有的花蓮港之外增設卑南、成廣澳、璞石閣三個出張所，出張所轄區也有所調整。
1900/09/09	臺東廳花蓮港出張所的位置改為花蓮鄉新港街。
1901/05/01	從臺南縣分出恆春廳，全臺行政區劃變成三縣四廳。
1901/06/19	臺灣總督府發布府令第三十九號，於臺東廳底下增設巴塱衛出張所，卑南出張所部分轄區移交給巴塱衛出張所，此外明文表示將紅頭嶼交由卑南出張所管理。
1901/10/25	公布〈臨時臺灣舊慣調查會規則〉，設置臨時臺灣舊慣調查會。
1901/11/11	行政區劃由三縣四廳制改成二十廳制，同時裁撤辨務署。
1902/03/12	〈六三法〉宣告延長。
1903/03/15	「臺北風俗改良會」成立。
1904/03/11	公布〈臺灣公學校規則〉。
1904/05/10	公布〈大租權整理令〉。
1906/04/11	佐久間左馬太就任第五任臺灣總督。
1907/01/01	〈三一法〉取代〈六三法〉。
1907/05/22	公布〈中學校與高等女學校規則〉。
1907/11/14	北埔事件
1909/02/21	台北、南台直通電話線路開通。
1909/10/25	行政區劃由二十廳制改成十二廳制。
1909/11/30	臺灣總督府宣布廢止陰曆。
1910/01/21	1時27分，花蓮附近發生小區域地震。
1910/02/01	臺東線第一期工程（花蓮港－璞石閣）開始動工，首先進行第一工作區（花蓮港－鯉魚尾）的工程。
1910/02/20	22時13分，臺中附近發生局發地震。
1910/03/26	2時38分，花蓮附近發生規模5.5的地震，造成小損害。
1910/04/12	8時22分，基隆東方發生規模8.3的地震，震源深度200公里，造成13房屋全倒、59房屋受損。
1910/05/01	台北醫學校學生翁俊明，經福建漳州赴台灣之中國同盟會員王兆培介紹，宣誓加入中國同盟會，成為中國同盟會第一位台籍會員。
1910/06/17	13時28分，臺灣南方發生規模7.0的地震，造成小損害。
1910/06/21	真言宗在臺北所建的「新高野山弘法寺」落成啟用。
1910/07/27	時任台灣總督府民政長官的大島久滿次因其所屬派系收受林本源製糖會社的賄賂與涉及阿里山林地放領問題等，被迫下臺。
1910/08/22	接替大島久滿次職務的宮尾舜治，被台灣總督佐久間左馬太換下。
1910/09/01	8時45分，於臺東東方發生稍顯著地震，全臺有感；22時21分，於花蓮東北東方發生稍顯著地震。
1910/10/30	公布〈臺灣林野調查規則〉。
1910/11/14	15時34分，花蓮附近發生小區域地震。
1910/12/10	臺灣博物學會成立。
1911/12/01	臺灣鐵路正式有固定的夜行列車，首班夜行列車於20:20自基隆驛發車，於隔天8:25到打狗驛；北上列車於22:25自打狗驛發車，於隔天10:54到基隆驛。
1912/03/22	林圯埔事件
1912/06/01	台灣總督府新廳舍動工
1912/06/27	土庫事件。
1913/04/20	大湖事件
1913/07/01	臺南關帝廟事件
1913/11/04	臺南廳之下原屬善化里東堡的東勢藔庄、北仔店庄、茄拔庄、小新營庄、坐駕庄改隸善化里西堡。臺南廳之下原屬善化里西堡的內庄、頭社庄、鳴頭庄、口宵里庄、𦬬萊宅庄改隸善化里東堡。臺南廳之下原屬新化東里的蒙正庄改隸善化里東堡。
1913/11/20	苗栗事件
1913/12/01	東勢角事件
1914/03/21	日人野馬銀藏於10點37分駕駛雙翼螺旋槳複葉座機「隼鷹號」升空至高度100公尺處盤旋四分鐘後降落，該日被臺灣總督府訂為臺灣航空紀念日。
1914/05/07	六甲事件
1914/05/17	太魯閣事件
1914/11/22	板垣退助來臺。
1914/12/20	臺灣同化會成立。
1915/01/26	臺灣總督府解散臺灣同化會。
1915/02/03	公布〈中學校官制〉。
1915/05/01	安東貞美就任第六任臺灣總督。
1916/04/10	在臺北舉辦臺灣勸業共進會，展出當時大日本帝國各地（含朝鮮、關東州、樺太等地）的產業與經濟情況。
1916/05/15	臺灣勸業共進會結束。
1918/06/06	明石元二郎就任第七任臺灣總督。
1918/06/11	公布〈總督府醫學校規則〉。
1920/07/16	新民會機關報《臺灣青年》創刊。
1920/07/30	臺灣總督府以律令第3號發布〈臺灣州制〉，律令第4號發布〈臺灣廳地方費令〉，以律令第5號發布〈臺灣市制〉，以律令第6號發布〈臺灣街庄制〉，並以府令第四十三號公告上述四律令將於該年10月1日實施。
1920/08/10	臺灣總督府發布府令第四十七號公告各州廳、郡、市的位置與管轄範圍，並於同年9月1日實施。
1920/09/01	臺灣行政區劃正式調整為五州二廳制。
1920/09/29	臺灣總督府以府令第百十號發布〈臺灣州制施行令〉，於今年10月1日施行。
1920/09/30	臺灣總督府以府令第百十一號發布〈臺灣市制施行令〉，以府令第百十二號發布〈臺灣街庄制施行令〉，於今年10月1日施行。
1920/10/01	正式實施〈臺灣州制〉、〈臺灣廳地方費令〉、〈臺灣市制〉、〈臺灣街庄制〉、〈臺灣州制施行令〉、〈臺灣市制施行令〉、〈臺灣街庄制施行令〉。
1921/01/30	臺灣仕紳發起第一次的臺灣議會設置請願運動，該日向帝國議會提出《臺灣議會設置請願書》。
1921/10/17	臺灣文化協會成立。
1922/01/01	〈法三號〉取代〈三一法〉。
1922/02/06	〈臺灣教育令〉改正，將於該年4月1日實施日臺共學制度。
1922/02/16	第二次臺灣議會設置請願運動。
1922/04/01	日臺共學制開始實施。新民會機關報《臺灣青年》改名《臺灣》。臺灣總督府高等學校設立。
1922/10/11	台灣鐵路海線峻工，在通霄車站舉行通車典禮。
1922/10/18	蔣渭水等人成立新臺灣聯盟。
1922/12/16	杜聰明取得京都帝國大學醫學博士學位，成為首位取得博士學位的臺灣人。
1924/01/30	第四次臺灣議會設置請願運動。
1924/02/08	范本梁與許地山等人以臺灣留學生為中心在中國北京成立「新臺灣安社」。
1924/04/21	張我軍於《臺灣民報》發表〈致臺灣青年的一封信〉，批判臺灣舊文學。
1924/05/10	《臺灣》雜誌停刊。
1924/06/27	辜顯榮等人召開「全島有力者大會」。
1924/07/03	「全島無力者大會」召開。
1924/07/05	第五次臺灣議會設置請願運動。
1924/08/10	臺灣文化協會舉辦首次「夏季學校」活動，於8月16日結束。
1924/08/18	治警事件一審宣判。
1924/10/28	炎峰青年會於臺中州草屯庄成立。
1924/10/29	治警事件二審宣判。
1924/12/25	高雄街、基隆街改制為州轄市的高雄市、基隆市。
1925/02/08	成立彰化婦女共勵會。
1925/02/17	第六次臺灣議會設置請願運動。
1925/02/20	治警事件三審宣判。
1925/05/23	鳳山小作人組合成立。
1925/06/28	二林蔗農組合成立。
1925/07/12	《臺灣民報》從旬刊改成週刊。
1925/07/27	臺灣文化協會第二次的夏季學校開辦，活動於8月9日結束。
1925/07/31	新竹街圖書館落成。
1925/08/31	臺灣雜誌社改為臺灣民報社。新竹州圖書館（新竹街圖書館改制）開館。
1925/10/03	通霄青年會成立。
1925/11/15	鳳山小作人組合改稱鳳山農民組合。
1926/01/02	臺北市公營魚市場開幕
1926/01/10	成立大甲日新會。
1926/01/24	東港84戶大火
1926/01/26	旗山水道(自來水)竣工
1926/02/09	第七次臺灣議會設置請願運動。
1926/02/26	「移出入植物取締法」修正，臺灣自此成為日本本土熱帶水果產物供應地，開啟了香蕉、鳳梨、芒果、西瓜..等聞名世界產業的榮景。同年臺灣青果同業組合、臺灣鳳梨罐頭同業組合、臺灣產業株式會社一一成立。
1926/03/28	在臺中市舉辦了中部臺灣共進會。
1926/03/14	馬偕博士設立之艋舺教會舉辦建堂50週年紀念會
1926/03/26	東部鐵道開通(玉里至花蓮港)
1926/04/01	「臺灣傳染病預防令」實施
1926/04/06	中部臺灣勸業共進會結束。
1926/04/23	大日本米穀會於臺北鐵道飯店召開大會，將種米命名為「蓬萊米」，隨後臺灣支部成立，將臺灣產米列入日本生產範圍內。
1926/06/06	大甲農民組合成立。
1926/06/14	曾文農民組合成立。
1926/06/28	臺灣農民組合成立。
1926/07/22	諸羅婦女協進會成立。
1926/08/06	臺灣文化協會舉辦第三次夏季學校，活動到8月15日結束。
1926/11/27	臺灣黑色青年聯盟成立（一說為12月17日）。
1926/12/30	大東信託株式會社創立。
1929/01/13	臺灣新民報社創立。
1929/02/12	二一二大檢舉。
1929/02/16	第十次臺灣議會設置請願運動。
1934/02/06	第十五次臺灣議會設置請願運動，請願團造訪貴族院。
1934/03/01	臺灣社會教化協議會召開。
1934/03/15	第十五次臺灣議會設置請願運動，請願團造訪眾議院。
1934/05/06	於臺中市召開臺灣文藝大會，會中決定組成臺灣文藝聯盟。
1934/06/03	日月潭水力發電廠完工。
1934/07/03	辜顯榮擔任貴族院議員。
1934/07/25	臺北帝國大學物理學講座教授荒勝文策建造考克饒夫－瓦耳頓型（英語：Cockcroft - Walton）粒子加速器，成功完成亞洲第一次，世界第二次人工撞擊原子核實驗。
1934/09/02	持續14年的臺灣議會設置請願運動終止。
1934/11/12	台陽美術協會成立。
1936/01/02	內臺定期航線（臺北—日本福岡）首航。日本航空輸送株式會社（日语：日本航空輸送）的飛機「雁號」於1935年12月31日上午7點從日本福岡太刀洗機場出發，途經那霸補給後於下午4點39分抵達臺北機場（當時漢字寫作「臺北飛行場」，為今之松山機場），準備進行內臺定期航線首航任務。1月2日當天上午10點飛機自臺北機場出發，下午2點47分抵達沖繩那霸，隔日上午6點啟航，於下午12點33分抵達福岡太刀洗機場。
1936/06/17	在臺中發生祖國支那事件，林獻堂遭在臺日本人毆打，並因此辭卸所有政治職務。
1936/09/02	小林躋造就任第十七任臺灣總督，也代表文官總督時期的結束。
1936/09/10	圓山臨濟寺前考古出土石器。
1936/10/01	臺南州新豐郡永寧庄的「下鯤鯓」大字改隸臺南市。高雄州岡山郡的岡山庄升格為岡山街。高雄州潮州郡的潮州庄升格為潮州街。
1937/04/01	報紙漢文欄縮減。
1937/06/01	報紙漢文欄禁刊。
1937/06/26	臺南飛行場正式開場，隔日舉行開幕式。
1937/07/15	臺灣地方自治聯盟解散。
1937/08/15	臺灣軍司令官宣布臺灣進入「戰時體制」。
1937/09/21	臺南－馬公航線開始由日本航空輸送（日语：日本航空輸送）經營。
1937/11/04	彰化神社社格升為「鄉社」。
1937/12/27	發表正式指定三座國立公園。
1938/02/11	臺北州基隆郡的瑞芳庄升格為瑞芳街。臺中州大甲郡的沙鹿庄升格為沙鹿街。臺中州員林郡的溪湖庄升格為溪湖街。臺中州北斗郡的二林庄升格為二林街。臺中州南投郡的草屯庄升格為草屯街。花蓮港廳玉里郡的玉里庄升格為玉里街。
1938/02/23	11:05時，盟軍飛機在臺北州七星郡松山庄與內湖庄丟下12顆炸彈，其中兩顆是未爆彈，當場炸死1名男性、7名女性，傷重不治者有2名男性、5名女性，負傷者有25名男性、16名女性，共死傷56人，均是臺灣籍，而在附近的臺北機場與鐵路工廠並未受損；另有一顆250公斤的炸彈在附近水田裡炸出直徑約10公尺，深約4.4公尺的大洞。同日13:05，盟軍八架飛機出現在新竹州竹東郡橫山庄鹿寮坑山地上空4000公尺處，於日本鑛業株式會社竹東油業所宿舍一帶丟下約72顆炸彈，當中有5枚未爆彈，導致一間竹東油業所宿舍輕微受損，一間臺灣人的小屋起火燃燒，當場炸死1名臺灣籍男性，1名日本籍男性傷重不治，負傷者有在臺灣人方面有10名男性、2名女性，1名日本女性，另外還有一些家畜受波及，但油業設施等建物並未受損。
1938/03/17	11:45分，一架自臺南飛行場起飛的中島郵便機（日本航空輸送（日语：日本航空輸送）所有）疑似因機件故障而墜毀於距離澎湖良文港（今澎湖縣湖西鄉龍門村）3浬處的海域，馬公要港部與郵便局派出船隻救援，但駕駛員曾根原與機關士崛內均已罹難；日本航空輸送於3月25日14:00將二人葬於臺北西本願寺。
1938/04/01	臺北州七星郡松山庄廢庄，併入臺北市。臺南州北門郡七股庄的「土城子」、「青草崙」改隸新豐郡安順庄。
1938/05/13	海山神社舉行鎮座式。
1940/06/17	臺北州七星郡的北投庄升格為北投街。臺北州海山郡的鶯歌庄、三峽庄升格為鶯歌街、三峽街。新竹州竹南郡的竹南庄、頭分庄升格為竹南街、頭分街。臺中州員林郡的田中庄升格為田中街。臺中州新高郡的集集庄升格為集集街。臺中州竹山郡的竹山庄升格為竹山街。臺南州新化郡的善化庄升格為善化街。臺南州斗六郡的斗南庄升格為斗南街。高雄州恆春郡的恆春庄升格為恆春街。花蓮港廳鳳林郡的鳳林庄升格為鳳林街。
1940/10/01	臺南州新豐郡永寧庄廢庄，其底下的「鞍子」、「灣裡」改隸臺南市，「牛稠子」、「十三甲」、「車路墘」、「三甲子」、「大甲」等大字則改隸同郡的仁德庄。臺南州新豐郡仁德庄的「虎尾寮」改隸臺南市。高雄州岡山郡左營庄廢庄，底下的「左營」、「菜公」、「下蚵子寮」、「廍後」、「竹子腳」、「埤子頭」、「覆鼎金」、「援中港」、「下鹽田」、「右沖」等大字改隸高雄市。高雄州鳳山郡鳳山街的「五塊厝」、「籬子內」改隸高雄市。高雄州鳳山郡小港庄的「草衙」、「佛公」改隸高雄市。高雄州鳳山郡鳥松庄的「灣子內」、「本館」改隸高雄市。
1940/10/24	第二代新竹神社完工。
1940/10/28	宜蘭街改制為州轄市的宜蘭市。
1946/01/13	上海駛往臺灣之「復興號」客輪基隆附近淡水鎮2公里處遭遇狂風險浪，駕駛失靈，機房進水，下午5時許船身破裂，乘客60名跳水逃生，均遭滅頂。
1946/01/20	在瑞芳舉行「瑞芳街七十二烈士」追悼大會，紀念因瑞芳事件遇難的李建興等人。
1946/03/10	淡水鎮革命先烈追悼籌備會在淡水戲院舉行臺北二中學生雷燦南的追悼會。
1946/04/07	由臺灣民眾協會改組的臺灣政治建設協會成立。
1946/04/13	臺灣官兵善後聯絡部解散。
1946/04/16	布袋事件。地方員警以機槍掃射穿越封鎖線的民眾。
1946/05/01	臺灣省參議會成立
1946/05/20	株式會社臺灣銀行在臺灣省行政長官公署主導下改組為新的臺灣銀行。
1946/05/22	臺灣銀行發行「臺幣兌換券」（舊臺幣）。
1946/05/30	日本以敕令第287號正式廢除臺灣總督府這個政府機關。
1946/06/15	中華民國行政院正式核准臺灣銀行有在臺發行鈔券的能力。
1946/06/22	中度颱風桃莉由宜蘭花蓮之間登陸，東部災情慘重。
1946/08/05	在臺北永樂國民學校舉行蔣渭水逝世十五周年紀念大會
1946/09/02	中度颱風葵瑞達侵襲全島。
1946/10/10	延平學院舉行創校典禮。
1946/11/11	臺中縣政府警察局發生警察武裝公然與法院衝突的員林事件。
1946/12/05	新化大地震。
1953/01/15	白河大仙寺舉行傳授三壇大戒活動，是二次大戰後臺灣佛教界首次傳大戒。
1953/01/28	西螺大橋通車。
1953/08/16	苗栗鎮鎮民代表郭兆才因涉嫌圖利自己，雖然下雨，遭青苗里里民『雙二一』(1/2領票、1/2同意)罷免成功；創下台灣地方自治史的紀錄。
1972/01/10	雷震撰寫〈救亡圖存獻議〉，提交給中華民國總統蔣中正、中華民國副總統兼行政院院長嚴家淦、行政院副院長蔣經國、中華民國總統府秘書長張群、中華民國國家安全會議秘書長黃少谷各一份，但是並沒有獲得回應。
1972/01/12	中華民國與賽普勒斯斷交
1972/01/31	中華民國與馬爾他斷交
1972/02/19	中華民國與阿根廷斷交
1972/02/20	一架清泉崗基地起飛的HC-130巡邏機創下了渦輪螺旋槳飛機航行距離最長的世界紀錄（至今尚未打破），該機沿著大圓航線從台灣飛行了8,732.09英里（14,052.94公里）到美國伊利諾州的史考特空軍基地（英语：Scott AFB）。
1972/03/21	舉行第五屆中華民國總統選舉，結果由蔣介石連任總統、嚴家淦連任副總統。
1972/04/12	中華民國與塞內加爾斷交。
1972/04/15	中華民國與馬爾地夫斷交
1972/04/24	花蓮縣瑞穗鄉發生地震
1972/05/13	中華民國與盧安達斷交
1972/05/16	國父紀念館落成啟用。
1972/05/20	蔣介石和嚴家淦就任第五任正副總統。
1972/06/05	中華民國與希臘斷交
1972/07/01	臺北縣板橋鎮升為板橋市
1972/09/29	中華民國與日本斷交。
1972/12/22	中華民國與澳洲斷交，同日亦與紐西蘭斷交
1972/12/23	1972年中華民國縣市長選舉、1972年中華民國省議員選舉、1972年中華民國立法委員選舉 、1972年中華民國國民大會代表選舉同時舉行投開票。
1973/01/19	中華民國與達荷美（今貝南）第二次斷交。
1973/01/30	中華民國與薩伊（今剛果民主共和國）斷交。
1973/03/10	中華民國與西班牙斷交。
1973/04/01	臺灣省政府成立「台灣自來水公司籌備處」。
1973/05/11	彰化縣二水鄉境內的海豐平交道在凌晨4點23分發生邊撞事故。第63次南下平快車要進入二水站東副正線「第三股道」時，北上第1892次貨櫃列車也正駛進東主正線「第二股道」，兩車在海豐平交道第13號道岔上發生邊撞。平快車第二節車廂被撞破、第三節車廂翻覆，貨櫃列車機車則是五軸出軌、貨運裝運平車一輛出軌。這次事故造成平快車旅客12人罹難，25人重傷。經搶救搶修後，於當天下午3點恢復通車。
1973/07/20	總統嚴家淦接受美國大使馬康衛贈送月球岩石。
1973/07/21	中華民國聯勤總部成立飛駝足球隊。
1973/09/01	內政部警政署刑事警察局成立，首任局長為酈俊厚，並兼掌臺灣省刑事警察大隊業務，各縣市警察局（所）刑警隊與刑事課同時合併為刑警隊。
1973/11/24	彰化縣二水鄉的海豐平交道於凌晨發生列車擦撞事故。第622次貨物列車在二水車站北端調車時，與南下第63次平快車發生擦撞。這次事故造成旅客2人重傷、7人輕傷，並有兩節機車與三節貨車出軌。
1973/12/25	北迴鐵路興建工程分於南聖湖（今蘇澳新站）與北埔動工。
1991/01/01	新中部橫貫公路正式通車。僅玉里玉山線在塔塔加－大心段未興築，其餘在嘉義玉山線、水里玉山線等二線皆完成全線。
1991/01/28	行政院大陸委員會成立。
1991/03/09	海峽交流基金會在台北正式成立。
1991/03/24	臺北縣汐止鎮（今新北市汐止區）發生吳銘漢夫婦命案。檢警專案小組逮捕蘇建和、劉秉郎、莊林勳、王文忠、王文孝五人。由於缺乏直接證據證明蘇建和等人涉案，此案纏訟21年，2012年臺灣高等法院判決蘇建和等三人無罪定讞。
1991/04/23	省議員張溫鷹在省議會民政委員會中建議政府將每年的2月28日訂為「和平紀念日」。
1991/04/28	中華民國海峽交流基金會首次派員訪問北京。
1991/04/30	李登輝總統依照國民大會之咨請，明令宣告動員戡亂時期將於同年5月1日零時終止。
1991/05/01	中華民國正式終止「動員戡亂」時期，結束對中國共產黨當局的敵對狀態。
1991/05/09	獨台會案-凌晨，調查局幹員進入大學校園，逮捕研究生...
1991/05/11	澎湖望安機場正式啟用。
1991/05/14	勞動黨中央黨部發布〈反對新白色恐怖聲明〉，抨擊李登輝政府「獨台政府逮捕台獨青年，是虛偽的表現」。
1991/05/15	獨台會案-來自各大專院校的大學生進入台北車站聲援被捕學生。
1991/06/01	華信航空成立。
1991/06/14	法國政府批准軍售拉法葉艦予台灣。。
1991/07/01	長榮航空首航漢城(首爾)、曼谷；
1991/07/01	屏東商業專科學校升格為技術學院。
1991/07/21	發生闽狮渔事件。
1991/08/06	經陳水扁等立委提起「釋憲」(釋字第283號)，黃信介恢復其終身職立委身分，但在復職四十分鐘後，發表《請與我一同告別舊時代》演說，辭去立委一職。
1991/09/01	臺鐵東勢線宣告結束營業。
1991/11/10	這一天是中華職棒二年的總冠軍賽第七戰，攻守雙方是味全龍與統一獅。賽中突然下了一場大雨，主辦單位宣佈延賽，全場球迷激動高喊：「我們要巨蛋！我們要巨蛋！我們要巨蛋！」
1991/11/12	許信良接替黃信介，為民進黨第四任黨主席。
1991/12/03	台灣網際網路與美國網際網路連結。
1991/12/16	南迴鐵路舉行通車典禮。
1991/12/21	中華民國舉辦第二屆國民大會代表選舉。
1991/12/25	南迴鐵路結束免費試乘活動，但因為相關設施還未完成，交通部也尚未履勘通過，故隔年才開始正式營業。
1991/12/31	萬年國會終結。(釋字261號)
1996/06/01	公務人員保障暨培訓委員會成立。
2006/02/27	中華民國總統陳水扁正式宣布“終止”無法源依據的國家統一綱領之適用及國家統一委員會之運作。
2006/03/17	台灣大同公司董事長林挺生先生請辭，由林蔚山先生接任董事長兼任總經理。
2006/03/31	中華民國行政院農委會宣佈熊貓來台案，審查未過。
2006/04/28	美國「自由之家」發表去年全球新聞自由度評比報告，臺灣新聞自由度名列第三十五名，首度與日本並列亞洲第一。中國被評為「不自由」國家，排名為一百七十七名。
2006/05/11	瑞士洛桑國際管理學院（IMD）發佈《2006年世界競爭力黃皮書》，美國排名第一，香港排名第二，臺灣排名第18位；中國排名第19位，其升幅位列參與排名的61個經濟體之首。
2006/05/23	世界衛生大會中美國、加拿大、蒙古、日本與澳洲等國發言，讚賞台灣提前實施「國際衛生條例」（IHR），並支持世界衛生組織（WHO）將臺灣納入全球禽流感防疫體系。
2006/06/20	總統陳水扁發表電視演說，以向全民報告的方式回應由立法院啟動的罷免總統程序，並重申總統不向立法院答辯。
2009/09/15	 第二十一屆夏季聽障奧林匹克運動會舉行，主辦城市為臺北市，部份賽事在臺北縣（今新北市）、新竹縣及桃園縣（今桃園市）舉行。
2009/09/26	舉行澎湖縣博弈公投。
2010/07/27	臺南市東區的中興里與復國里併入後甲里。
2017/01/01	中華民國政府與加拿大政府共同簽署「避免所得稅雙重課稅與防止逃稅之協定」。「駐波蘭台北經濟文化辦事處」與「駐台北華沙貿易辦事處」所簽訂的避免所得稅雙重課稅與防止逃稅之協定與議定書，正式生效，開始適用。
2017/01/05	中華民國國史館將5萬份有關蔣中正的資料在網際網路公開。位於桃園市的台灣高鐵探索館開幕。
2017/01/07	總統蔡英文展開訪問中美洲四個邦交國旅程，從桃園桃園國際機場出發，搭乘長榮航空專機，並過境美國休斯頓。
2017/01/09	蔡英文與宏都拉斯總統會談。蔡英文與尼加拉瓜總統在尼加拉瓜的首都進行會談。
2017/01/11	蔡英文與瓜地馬拉總統相互贈勳。
2017/01/12	蔡英文到瓜地馬拉國會發表演說。
2017/01/15	 蔡英文結束中美洲之行，返國。
2017/01/26	由於台北市議會議員童仲彥家暴，表示將退出民主進步黨黨籍。
2017/02/02	桃園機場捷運本日開始試營運。
2017/02/11	凌晨1點12分台灣台南市近海發生芮氏規模5.6地震，最大震度為台南市6級。
2017/02/13	晚間9時發生臺北南港遊覽車事故，33死11傷。
2017/03/01	南港小模姦殺案。
2017/03/02	桃園國際機場捷運全線通車營運典禮。
2017/03/03	新北市公車候車亭及公車站牌周邊全面禁菸，違者處新臺幣2000至1萬元罰鍰。
2017/03/04	總統府原住民族歷史正義與轉型正義委員會12位委員發表連署聲明批評，原住民族委員會《原住民族土地或部落範圍土地劃設辦法》排除私有土地劃入臺灣原住民族傳統領域，違背《聯合國原住民族權利宣言》第32條保障原住民族土地權的主張，也違背2016年8月1日總統蔡英文向原住民族道歉的承諾，更違背總統府原住民族歷史正義與轉型正義委員會成立的精神。
2017/03/06	假藥事件擴大受害範圍，涵蓋：降血脂藥「冠脂妥」、「力清之」、「維妥力」，與降血糖藥「佳糖維」。
2017/03/07	內政部廢止《塑建總統蔣公銅像注意事項》。
2017/03/08	國際社會主義前進上午前往美國在台協會抗議，聲援國際婦女節全球女性罷工，批評美國總統唐納·川普的性別歧視言論及其多項不利女性的政策（禁止墮胎等），呼籲臺灣人民必須特別反對美國在亞洲的軍事化政策。台灣原住民族部落行動聯盟等台灣原住民族團體於立法院舉行記者會，主張原住民族傳統領域不應排除私有土地，請立法院退回《原住民族土地或部落範圍土地劃設辦法》。原住民族委員會回應，現階段暫時排除私有土地，可大幅降低財產權受影響所引發之爭議。阿嬤家-和平與女性人權館全面開館。
2017/03/15	臺南市區鐵路地下化計畫C214標「南臺南站路段地下化工程」開工動土典禮。反台南鐵路東移全線自救聯合會等團體到場抗議，卻被交通部鐵路改建工程局、臺南市政府警察局與得標廠商大陸工程合力設下路障阻擋在會場數百公尺外。自由台灣黨主席蔡丁貴前來聲援反台南鐵路東移全線自救聯合會，被警察拉上警車以後丟包奇美博物館，抨擊民主進步黨「從地方政府到中央政府，執政範圍越大越囂張，權力越大越驕傲」。
2017/03/16	監察院教育及文化委員會通過監察委員仉桂美、王美玉的提案，糾正教育部體育署設置競技運動人才培訓輔導小組，對於中華民國網球協會遲至2016年3月16日向國家運動訓練中心同意備查「里約奧運選手培訓參賽實施計畫、代表隊教練及選手遴選辦法」，並於同年5月27日僅以電子郵件寄參賽的網球選手，導致網球選手謝淑薇奧運教練問題事件，也未督促國家運動訓練中心專案辦理培訓措施。
2017/03/17	高雄市三民区澄清路發生下水道氣爆事故，共造成一人死亡及三人受伤。
2017/03/20	2017年臺北南港遊覽車事故，交通部觀光局依《發展觀光條例》與《消費者保護法》廢止蝶戀花旅行社的旅行業營業執照。總統府原住民族歷史正義與轉型正義委員會第一次委員會議。
2017/03/21	蔡英文主持「潛艦國造設計啟動暨合作備忘錄簽署儀式」，宣佈潛艦國造政策正式啟動。
2017/03/22	行政院主計總處公布本年1月薪資與生產力統計：受廠商發放年終及績效獎金影響，1月含固定月薪、獎金、紅利及加班費等薪資，平均每位受雇員工可領到新台幣93144元。外界批評，主計總處公布薪資「平均數」，無法完全反映真實情況。立法院內政委員會審查《兩岸協議監督條例草案》。時代力量與民進黨要求，與立法院司法及法制委員會、立法院經濟委員會、立法院外交及國防委員會聯席審查；國民黨要求，直接詢答、審查，否則就是打假球；最後，朝野不歡而散。對於時代力量版草案名稱《我國與中華人民共和國締結協議處理條例草案》，行政院大陸委員會主任委員張小月強調，「我們兩岸關係的界定就是兩岸關係」，她對時代力量版草案名稱「持保留態度」；外交部部長李大維被提問《兩岸協議監督條例》是否應該納入立法院外交及國防委員會與立法院經濟委員會聯席審查，他直言「沒有這個必要，兩岸關係不是外交關係」。
2017/03/23	民進黨決定，7月22日在台北國際會議中心舉行全國黨代表大會，將討論2018年中華民國直轄市長及縣市長選舉候選人提名辦法。民進黨秘書長洪耀福透露，選在7月22日舉行全代會，是考慮到黨代表平常要跑婚喪喜慶行程，7月22日農民曆「諸事不宜」、黨代表不用跑婚喪喜慶行程才方便來開會。台南人劇團發出道歉啟示，對於該團藝術總監呂柏伸在未獲創作人授權下，使用2011年於國立臺灣大學授課時，學生周書正所繳交的劇本《魔法師與小男孩》，改編為《魔法師的最後一堂課》，並聲稱該事件是行政疏忽。
2017/04/02	無樁式共享自行車oBike開始在臺北市試營運。
2017/04/16	電影《目擊者》在臺灣的票房已破新台幣4千萬元。而該片原創故事擁有者陳玉珊和導演程偉豪的原創故事著作權糾紛，由於雙方無和解的意願，全案已進入司法程序。臺南市烏山頭水庫內的八田與一塑像被嘉南農田水利會會務委員發現遭斷頭，斷頭下落不明。臺南市政府警察局接獲嘉南農田水利會報案，展開調查。
2017/04/21	908台灣國運動、台灣國辦公室與名嘴楊憲宏到民主進步黨中央黨部前，聲援林義雄發動接力禁食要求立法院「補正」《公民投票法》。衛生福利部食品藥物管理署公布，檢驗市售雞蛋發現一件雞蛋驗出戴奧辛含量達到5.2皮克／克脂肪，是首次在雞蛋中驗出戴奧辛，初步掌握問題雞蛋來自彰化縣芳苑鄉「駿億」、「鴻彰」、「財源」三家蛋雞場。食藥署副署長林金富表示，目前尚未知道下游鋪貨到哪裡，現在仍在追蹤中，不排除全臺灣都有鋪貨。
2017/04/22	臺北市陽明山花鐘公園旁的蔣中正銅像，被發現遭斷頭、潑紅漆、噴漆「228元凶、殺人魔」等字眼。臺北市政府警察局北投分局表示，現場遺留的小鋸子研判是犯案工具，斷頭下落不明，目前正調閱監視器畫面釐清嫌犯身分。台灣建國工程隊在網路上發布聲明自稱犯案，理由是不滿八田與一塑像遭斷頭，「替八田與一出氣」、「以牙還牙」。
2017/04/26	蔡英文政府指示她的林全內閣提出的《前瞻基礎建設計畫》在交付立法院院會初審時，民進黨籍立委一致通過，在野黨立委抗議無效。
2017/04/27	立法院教育及文化委員會審查《國民體育法》修正草案，通過「戴資穎條款」。立委指出，第二十條第四項就是「戴資穎條款」，因為戴資穎在奧運比賽的鞋子問題，要讓國內選手更有保障，不能讓各單項體育協會以不正當理由處罰選手。
2017/04/30	臺灣本島東南部海域發生芮氏規模6.0的地震。
2017/05/01	由臺灣各工會、工運團體及社運團體組成的「2017五一行動聯盟」發起2017五一大遊行，全國產業總工會理事長莊爵安擔任總領隊，訴求「要年金保障，反勞動剝削」。遊行路線首次以中華民國全國工業總會、中華民國全國商業總會總部大樓為遊行終點，意謂向資本家宣戰。時代力量立法委員洪慈庸、中國國民黨立法委員李彥秀與親民黨立法委員周陳秀霞到場代表所屬政黨出席，只有民主進步黨未派代表出席。
2017/05/03	中華民國副總統陳建仁和常駐世界貿易組織代表團常任代表朱敬一獲選為2017年美國國家科學院外籍院士之一，但官方網站名單上的國籍被標為「中國台灣」（Taiwan, China）。中華民國總統府發言人林鶴明表示，陳建仁認為這是無法接受的錯誤，中央研究院已經要求更正。新北市板橋區大觀社區居民組成的大觀事件自救會，在民主進步黨中央黨部前開記者會抗議，反對中華民國國軍退除役官兵輔導委員會強制拆除大觀社區。自救會表示，蔡英文政府上任至今，所承諾的社會住宅一戶都沒蓋成，中央與民進黨執政縣市卻大量傳出迫遷案件，跟馬英九政府「根本沒什麼兩樣」。出面接受陳情的民進黨社會運動部主任李世民未正面答覆居民追問，只說了「謝謝」便返回中央黨部。
2017/05/04	大觀事件自救會在行政院院長林全住處外陳情，要求行政院出面解決大觀社區迫遷爭議。現場多名聲援者一度擋下林全座車，但林全車隊始終沒有停車，最後林全座車在警方協助開道下揚長而去。事後，行政院以《中華民國刑法》毀損罪、妨害公務罪、強制罪等罪名提告。
2017/05/05	桃園市市長鄭文燦宣稱2017桃園農業博覽會光是五一勞動節三天連續假期就湧入五百萬人次，被網友質疑數字灌水。本日《台灣蘋果日報》記者現場觀察，偌大場地僅零星散客，遊園車排隊人數僅十餘人，幾個小時估算園區頂多一千人。桃園市政府新聞處處長張惇涵否認數字灌水，強調實際統計人次就是五百萬人次、而不是五百萬人。
2017/05/15	國道收費員自救會發動「舉牌、苦候」行動，在臺北市凱達格蘭大道旁紮營，每天上午高舉「履行協議」立牌繞行總統府前的公園路口，要求蔡英文政府履行國道收費員補償方案協議。國道收費員自救會會長孫秀鑾說，蔡英文政府曾經與自救會簽署此協議，但蔡英文政府至今沒有履行此協議，自救會將會堅持抗爭到底。台灣著名節目主持人豬哥亮，因大腸癌末期引發肝衰竭，晨間約5時08分病逝於台大醫院。
2017/05/18	宜蘭縣、基隆市、臺北市、新北市、桃園市、新竹市、新竹縣於下午1點30分至2點實施萬安演習。臺灣高雄地方法院檢察署接獲高雄市政府衛生局通報，前往高雄市大寮區裕榮食品大寮廠搜索，查獲已過期1至3年的柴魚粉、無水檸檬酸等原料及問題產品蝦味先共2千多公斤。裕榮食品遭高雄市政府衛生局勒令暫時停業。台灣守護民主平台公布其委託國立政治大學選舉研究中心線上民調實驗室於本月15至17日執行的「憲政體制與蔡總統執政週年調查」網路民調，受訪者對蔡英文政府整體滿意度為18.4%、不滿意度為76.4%。台灣守護民主平台認為，此民調結果呼應了台灣守護民主平台一再呼籲的：在落實全面憲政改革以前，總統蔡英文到立法院進行報告與詢答，才有可能實現權責相符的民主憲政。
2017/05/24	大法官釋字748號台灣同性婚姻釋憲案結果，大法官規定相關機關應在2年內修法，以促成同性婚姻，如2年內沒完成修法，就可依民法親屬編的婚姻相關規定，直接去戶政事務所辦理結婚登記。
2017/05/26	臺灣桃園國際機場第三航廈舉行動土典禮。同日台南市立圖書館總館新建工程動土典禮。
2017/05/30	國立政治大學教授陳芳明、東吳大學教授陳瑤華、國立陽明大學教授黃嵩立、國立東華大學教授施正鋒、作家朱天衣等人公開聲援原住民族轉型正義小教室在凱達格蘭大道紮營抗議行動，共同反對《原住民族土地或部落範圍土地劃設辦法》排除私有土地劃入臺灣原住民族傳統領域。
2017/06/30	塔塔加夫妻神木的夫樹，因基部腐朽，加上午後雷雨而倒塌。總統府原住民族歷史正義與轉型正義委員會第二次委員會議，完全沒有將《原住民族土地或部落範圍土地劃設辦法》排入議程。
2017/07/07	新北市政府交通局公告禁止租賃自行車停放於三重區、土城區、中和區等11區的機車停車位，以及捷運站、火車站等大眾運輸場站周邊的自行車停車位。
2017/09/11	高雄市國道一號靠近岡山交流道發生11傷6死的重大車禍。遭中國強制關押177天的臺灣民進黨前黨工李明哲，同日於中國湖南省岳陽市中級法院開庭審理，當庭以「被認罪」模式，坦承犯行。臺灣網球選手詹詠然與瑞士網球選手辛吉絲，同日於美國網球公開賽，以比分「直落二」擊敗對手，取得美網大滿貫賽，女子雙打冠軍。。
2017/09/21	《日常對話》代表台灣角逐第90屆奧斯卡金像獎最佳外語片獎，是台灣首次選派紀錄片代表角逐該獎項。宏達電同日於證交所舉行記者會，宣佈將「Google Pixel 手機」研究團隊，以11億美元（約330億台幣）的代價轉賣Google，並同步以「智慧財產權（非專屬授權）」提供Google使用。
2018/09/05	核四廠第2批燃料棒同日深夜0時，運離廠區，12輛貨櫃車在警方沿路戒護下，深夜1時抵達基隆港西19碼頭，等待吊掛上貨輪送至美國。行政院核定公告：「1.修正基本工資每小時為新臺幣150元。2.修正每月基本工資為新臺幣23,100元。」自2019年1月1日起實施。
2018/09/10	疾病管制署副署長莊人祥表示，桃園縣八德區國防大學戰爭學院近期發生群聚A型流感事件，研判應為首例病患未依「自我隔離」原則在家休養，依舊堅持到校上課，致發生周遭學員感染發病。校方表示，自即日起，停課三日，校舍區域全面進行消毒，染病學員隔離治療，目前已將疫情控制。中鋼高雄廠同日於施作耐火磚吊掛作業時，發生工安意外。其耐火磚塊發生坍塌崩落，砸傷現場三名工人，經送醫後，一人傷重不治。勞檢處持續調查中。
2018/12/31	金門縣金沙鎮田埔海岸發現豬屍，經行政院農業委員會家畜衛生試驗所檢驗為非洲豬瘟陽性，而其病毒株基因片段與中國之病毒株相似度達100％，可能係自中國海飄而來。美國參議院及眾議院兩院通過及美國總統川普簽署生效2018年亞洲再保證倡議法第209條款重申支持美國與台灣間政治、經濟及安全的合作；依台灣關係法、中美三個聯合公報及六項保證實現美國對台灣的承諾；反對改變台海現狀，支持兩岸都能接受的和平解決方案；亦要求美國總統應定期對台軍售，並依台灣旅行法派遣高階官員訪問台灣。另在第205條款將台灣納入美國應肯定的夥伴交往之列。
2019/05/07	臺中市五權車站於11時22分發生自強號列車撞擊臥軌乘客意外。美國眾議院於今日傍晚通過「2019年臺灣保證法案」與「重新確認美國對台及對執行台灣關係法承諾」決議案。「2019年台灣保證法案」獲得無異議通過；「重新確認美國對臺及對執行《臺灣關係法》承諾」決議案則以414票贊成、0票反對、17票棄權的壓倒性高票數通過。臺灣保證法要求對臺軍售應常態化、重啟臺美貿易協定會談，支持臺灣參與國際組織。對此總統府表示感謝，並認為這在台灣關係法40週年的此刻格外重要。立法院三讀通過增訂《中華民國刑法》第115-1條，「本章之罪，亦適用於地域或對象為大陸地區、香港、澳門、境外敵對勢力或其派遣之人，行為人違反各條規定者，依各該條規定處斷之。」在外患罪章中增訂條文，將大陸地區、香港、澳門、境外敵對勢力或其派遣之人，納入適用範圍。將中共間諜列人外患罪章，等同「敵國」。
2019/05/25	外交部宣布，臺灣相應美國在台協會的機構「北美事務協調委員會」（Coordination Council for North American Affairs，CCNAA）將更名為「台灣美國事務委員會」（Taiwan Council for US Affairs，TCUSA）。被視為台美關係的重大進展與突破。國安會秘書長李大維本月訪問美國，日前在美國與美國國家安全顧問約翰·波頓（John Bolton）會晤，創下自1979年中華民國與美國斷交後首例。
2020/01/01	中央氣象局地震測報中心調整5級以上地震之震度分級，5級強震與6級烈震再細分為5弱、5強、6弱、6強，此外亦修改5級以上地震震度演算程序，增加震度與災害發生之關聯性。
2020/01/02	空軍一架UH-60黑鷹直升機於新北市烏來區山區墜毀，機上13人中，包含參謀總長沈一鳴、國防部政治作戰局副局長于親文、情報參謀次長室助理次長洪鴻鈞在內8人罹難，另5人受傷。
2020/01/03	台鐵成追線雙軌化全部完工啟用。
2020/01/06	下午4點台9線蘇花改的南澳－和平段及和中－大清水段通車，並開放小客車及大客車通。
2020/01/11	民主進步黨推薦之蔡英文以8,170,231票、57.13%之得票率於總統選舉勝選成功連任，並創下自總統直選以來得票數最高紀錄。立法委員選舉結束，民主進步黨取得61席維持過半，中國國民黨（38席）、臺灣民眾黨（5席）、時代力量（3席）、臺灣基進（1席）等四黨亦各有斬獲，另有5席由無黨籍候選人勝出。
2020/01/12	本日上午，美國在臺協會處長酈英傑前往總統府向蔡英文總統道賀。酈英傑讚揚臺灣選民參與了這神聖的民主過程，為自己的選擇發聲。這次的選舉提醒了雙方，美國和臺灣不只是合作夥伴，更是同一個民主社群的一份子，由共同價值觀緊密聯繋著。
2020/01/13	總統蔡英文今日中午約見行政院院長蘇貞昌，蘇貞昌口頭提出總辭。在蔡總統予以留任後，蘇貞昌將續任行政院長。不過，行政院依照憲政慣例，在新國會產生後，今日下午提出總辭案。
2020/01/14	2020年中華民國空軍UH-60M黑鷹直升機墜毀事故沈一鳴等8位罹難者出殯。
2020/01/15	國防部今日表示，奉總統蔡英文核定，參謀總長由海軍司令黃曙光上將接任。黃曙光不僅為蔡英文總統上任後首位拔擢的上將，更是臺灣推動潛艦國造的重要掌舵者。本月2日UH-60M黑鷹直升機失事，造成時任參謀總長沈一鳴上將殉職，由副參謀總長兼執行官劉志斌上將代理迄今。國防部晚間發布新聞稿表示，奉蔡總統核定，參謀本部上將參謀總長職缺，由海軍司令部司令黃曙光上將調任。另外海軍司令部上將司令，由參謀本部副參謀總長執行官劉志斌上將調任；參謀本部上將副參謀總長執行官，由國防部常務次長徐衍璞中將調任，同時晉任陸軍二級上將，上述調任案，均在2020年1月16日生效。
2020/01/19	台北捷運環狀線的新北產業園區站－大坪林站路段，開放試乘。
2020/01/21	臺灣出現首例境外移入COVID-19確診個案。
2020/01/22	中央針對嚴重特殊傳染性肺炎警戒，中央流行疫情指揮中心舉辦 第一場页面存档备份，存于互联网档案馆 嚴重特殊傳染性肺炎記者會。台61線新豐一交流道－竹4線平交路口主線通車。
2020/01/23	台灣第三大航空公司，星宇航空正式開航，將飛澳門、越南峴港、馬來西亞檳城。
2020/01/25	一名隱匿染上新型冠狀病毒的男性臺商，被爆出返臺後未戴口罩出入舞廳及搭乘高雄捷運，造成防疫漏洞，衛生局將依《傳染病防治法》開罰30萬元罰鍰。
2020/01/28	台灣首起COVID-19「本土病例」出現！中央流行疫情指揮中心晚間緊急召開記者會宣布，確診第8例COVID-19病例、也是國內第一起本土病例，患者是家住中部的50歲男性，也是第5例境外移入病例個案的同住家人。
2020/01/29	為使居家隔離及居家檢疫更為落實，增強「電子監控」，今日起發給COVID-19居家隔離、檢疫者約2000人每人一支定位手機，每天回報，若違反規定，將立即強制隔離及相關處分。
2020/01/31	台北捷運環狀線「新北產業園區—大坪林」段正式通車。為期一個月免費，2020年3月1日起正式收費，免費營運期間，凡持電子票證搭乘捷運旅客，由環狀線進站或出站者，搭乘旅程中，行經環狀線新通車路段的里程免費，其餘里程維持現行收費方式，單程票不給予優惠，仍依核定票價收費。中華民國經濟部決定動用第二預備金新台幣2億元採購口罩製造設備。預計4周後將台灣的口罩生產量提升到每天1000萬副。
2020/02/01	第10屆立法委員就職，並由民主進步黨籍之游錫堃、蔡其昌當選立法院院長、副院長。
2020/02/02	因應COVID-19防疫，中央流行疫情指揮中心決定。高級中等以下學校108學年度第二學期於2月25日開學，7月14日休業，2月15日不補課。針對國中會考、技專統測、大學指考等考試日程和入學措施時程則不變，因應開學時間延後和課程實施調整，會請相關考試單位調整考試範圍。準副總統賴清德晚間出發前往美國，出席今年度在美國首都華盛頓特區舉辦的「國家祈禱早餐會」(National Prayer Breakfast)；被視為是中華民國與美國斷交後，造訪華府的最高層級官員。
2020/02/03	教育部宣布大專院校延後開學，開學日延至2月25日以後（實際日期交由各校自行決定），學期維持18週。
2020/02/05	準副總統賴清德在白宮國安會與美國官員會晤，被解讀是中華民國與美國斷交後，到訪的最高層級官員。陸委會將中國列為紅色旅遊警示，香港及澳門列為黃色旅遊警示。
2020/02/06	準副總統賴清德出席「國家祈禱早餐會」(National Prayer Breakfast)，與美國總統唐納·川普、眾議院議長南希·裴洛西等人同場。中央流行疫情指揮中心為紓解各地超商口罩搶購亂象，民眾即日起可持健保卡至藥局購買，每人7天內限購2片。為防堵肺炎疫情擴大，暫緩中國籍旅客入境；國人自中、港、澳返臺須自主隔離檢疫14天，失聯及違反防疫規定者，內政部與法務部將依《傳染病防治法》、《社會秩序維護法》及《刑法》法辦。由於武漢臺籍旅客包機返臺過程爭議不斷，而先後多次對外發布相關消息的國民黨中央委員徐正文更是引起外界譴責與撻伐。對此中國國民黨傳出要對徐正文進行黨紀調查，並有11位考紀委員表達同意下，考紀會決定先行予以徐正文停止黨權處分。於傍晚召開記者會宣布予以停止黨權處分。
2020/02/07	中央流行疫情指揮中心發布災防警訊，呼籲1月31日有前往北、北、基重要觀光景點的民眾，應自主管理並留意個人健康狀況。
2020/02/08	美國國務卿麥克·蓬佩奧表示，中華人民共和國以商逼政，迫使密西西比州州長取消訪臺規劃，另要求美國各州州長勿祝賀蔡英文當選連任，並施壓芝加哥一所高中的校長，讓臺灣代表無法出席該校舉辦的氣候研討會。
2020/02/10	國防部表示，中共解放軍接連兩天軍機繞臺，於今天上午短暫越過臺灣海峽中線，經空軍F-16戰機適切應對，予以驅離。中央流行疫情指揮中心基於防疫優先，經與陸委會討論，自即日起暫停金馬地方政府兩岸小三通客船往來。
2020/02/11	香港及澳門人士自即日起，除商業履約、職務派任、已取得居留證的配偶及未成年子女之外，其餘均暫緩入境臺灣。
2020/02/12	公民割草行動、Wecare高雄和台灣基進等公民團體之罷免高雄市市長第二階段連署已達法定門檻。財政部2020（民109）年2月12日函釋，「於嚴重特殊傳染性肺炎中央流行疫情指揮中心成立期間，台酒公司及台糖公司所產製酒精（成分75%）防疫清潔用酒精，並標示「非食用者」，因非屬菸酒管理法第4條第1項本文及菸酒稅法第2條第3款規定所稱之「酒」，免辦菸酒稅產品登記，不課徵菸酒稅」。
2020/02/13	經濟部因應COVID-19防疫需求，遴選口罩廠商投入增產，口罩徵用及出口禁令將持續到4月底。行政院也計劃編列新臺幣600億元特別預算，提供觀光、運輸及農漁業等內需產業紓困振興。
2020/02/14	菲律賓總統府發言人帕內洛（Salvador Panelo）於今日晚間發表聲明，菲國跨部門工作小組已決定解除對台灣的旅行禁令，立即生效。對此外交部表示肯定菲律賓政府解除對台灣旅遊禁令的決定，並對曾經協助此一正面發展的相關機關及人士表達感謝，呼籲世界衛生組織（WHO）儘速更正對台灣的不當列示。據涉外人士透露，台灣和菲國外交單位的穩健積極交涉功不可沒；而在菲國的台灣人等非官方管道在過程中也發揮一定作用。由於菲律賓總統杜特蒂的行事作風偏「吃軟不吃硬」，因此台灣外交單位選擇穩健積極交涉、分級處理、視情勢加壓，最終在外交等政府相關部門穩健多方交涉下，使這場超過100小時的對台旅行禁令解除，化解了台菲雙邊關係危機。
2020/02/15	空軍公布UH-60M黑鷹直升機墜毀事故初步事實調查報告，係因天候驟變，直升機爬高不及導致觸地，造成參謀總長沈一鳴上將等8名軍士官殉職。中央流行疫情中心指揮官陳時中表示，臺灣中部出現第一起感染冠狀病毒的死亡案例。另外，因威士特丹號郵輪爆發1例確診個案，疫情中心也會對曾載過千餘名下船旅客的高雄和臺南計程車駕駛，以及有相關接觸史的民眾持續做監測。晚間7點整時刻，花蓮縣壽豐鄉發生規模5.5地震。永和分屍案今日臺灣新北地方法院一審宣判出爐，依殺人罪嫌判處美籍男子Mayer Oren Shlomo（中文名：孫武生）無期徒刑，褫奪公權終身，並於執刑完畢或赦免後，驅逐出境。非裔美籍男子Bent 有期徒刑12年6月，並於執刑完畢驅逐出境。另依幫助傷害致死罪判處美籍何傑生 有期徒刑1年6個月、台籍男大生吳宣 有期徒刑6個月，另外，4人因販毒涉洗錢部分均獲判無罪，全案可上訴。
2020/03/05	中央流行疫情指揮中心3月2日宣布，口罩產能提升，今日起實名制口罩每人可多買1片，成人口罩購買量增為7天內3片，兒童口罩增為7天內5片。全國各據點（含全民健康保險特約藥局及衛生所）成人口罩每日提供量由400片增為600片，兒童口罩絕大部分據點都有剩餘，維持每日提供200片，仍限13歲以下兒童健保卡購買，其餘成人和兒童口罩購買原則和價格不變。
2020/03/08	菸害防制法管制範圍包含了完整電子煙及所有電子煙零件。
2020/03/09	香港籍貨輪「騏龍」在進入台北港區於晚間8時許撞翻台籍引水船「永華6號」，導致引水船上59歲楊姓船長、29歲的李姓船員2人落水死亡。
2020/03/13	行政院會2月27日通過「中央政府嚴重特殊傳染性肺炎防治及紓困振興特別預算案」，3月13日於立法院會三讀通過。
2020/03/17	中央流行疫情指揮中心宣布新增10名嚴重特殊傳染性肺炎確診案例，為疫情爆發以來單日新高；同時升級日本、新加坡、泰國等20國及美國華盛頓州、加利福尼亞州、紐約州之國際旅遊疫情警示至第三級，自前述國家地區返國須居家檢疫14天。中華民國教育部宣布全國高中以下師生禁止出境，違者將處新台幣10至100萬的罰款，並將公布其姓名
2020/03/18	中央流行疫情指揮中心宣布新增23名嚴重特殊傳染性肺炎確診案例，為疫情爆發以來單日新高。今日新增的個案中，有21例為境外移入病例（4例與土耳其旅遊團群聚相關）、2例為本土病例。近期國內境外移入嚴重特殊傳染性肺炎確診個案數攀升，尤以自歐洲入境者為多，為加強防疫，中央流行疫情指揮中心今日表示，除回溯採檢有症狀者，也將回溯追蹤3月5日至14日自歐洲、埃及、土耳其與杜拜入境民眾(皆含轉機)之健康狀況，請這段期間自上述地區入境(皆含轉機)民眾配合居家檢疫，請儘速向居住所在地之鄉/鎮/市/區公所通報(電話可至各縣市政府網站查詢)，或撥打各縣市1999專線通報，由公所民政人員進行居家檢疫健康關懷。上述所稱「歐洲」為下列國家/地區：法國、德國、西班牙、葡萄牙、奧地利、荷蘭、比利時、盧森堡、丹麥、芬蘭、瑞典、斯洛伐克、斯洛維尼亞、波蘭、捷克、匈牙利、希臘、馬爾他、愛沙尼亞、拉脫維亞、立陶宛、冰島、挪威、瑞士、列支敦斯登、英國、愛爾蘭。(歐洲+埃及、土耳其、杜拜共30個國家/地區)
2020/03/19	中央流行疫情指揮中心宣布，自臺灣標準時間19日零時起，限制所有非本國籍人士入境，事前申請核准者才予放行。所有入境者入境後都需進行居家檢疫14天。案59和案103所屬班級與學校已有2人確診嚴重特殊傳染性肺炎，根據防疫停課標準，該校自3月20日至27日進行全校停課。衛生單位也將針對案59教室座位周圍同學進行擴大採檢。
2020/03/21	今日凌晨起，中央流行疫情指揮中心將全球的旅遊疫情警示升為第三級（三級，不宜前往），國人應避免所有非必要之出國旅遊，自國外入境者，需進行14天居家檢疫。中央流行疫情指揮中心今日表示，因近期台灣國內境外移入個案數攀升，將往回追溯3月8日至18日間，自美國、東亞國家入境後曾就醫者約3,000筆，通知即刻起居家檢疫，並進行 COVID-19(武漢肺炎)病毒檢驗。
2020/03/25	中央流行疫情指揮中心宣布自即日起，室內超過100人以上、室外超過500人以上的公眾集會活動建議停辦，以減低社區感染的風險。
2020/03/30	發生板信商業銀行大直分行搶劫案。中央流行疫情指揮中心宣布，自2020年4月9日起，口罩實名制購買規定，將改為兒童每14天10片，成人改為每14天9片，取消原先身分證號末碼單雙號分流限制，並放寬兒童、成人口罩類型限制，可依個人臉型購買。
2020/04/01	法務部今日批准2016年除夕夜於家中縱火導致父母等6人死亡的翁仁賢死刑執行令，晚間於臺北看守所槍決。
2020/04/09	中央流行疫情指揮中心今日表示，為防止疫情擴散，全國酒店和舞廳即日起全面停止營業。本日起「口罩實名制」改為兒童每14天10片，成人改為每14天9片，取消原先身分證號末碼單雙號分流限制，並放寬兒童、成人口罩類型限制，可依個人臉型購買。4月1日開始的第3批口罩實名制線上預購適用此新規定。
2020/04/10	中央流行疫情指揮中心今日表示，為防止潛在傳染鏈威脅國內防疫安全，自即日起著名觀光景點、國家公園、遊樂區及夜市、寺廟等人潮密集公共場域，實施人流管制等相關防疫措施。
2020/04/18	主条目：中華民國海軍敦睦遠航訓練支隊嚴重特殊傳染性肺炎群聚感染事件中央流行疫情指揮中心公佈新增3例COVID-19境外移入病例，均為中華民國海軍某艦隊實習生。
2020/04/26	錢櫃台北林森店發生大火，相關火災預警系統均因電梯施工而被關閉，導致員工與消費者反應不及，造成6人死亡、67人輕重傷。
2020/04/30	嘉義地方法院一審宣判，發生於2019年7月3日的臺鐵嘉義車站刺警命案被告無罪，引起社會譁然。
2020/05/03	高雄市三民區大連街5樓透天厝火警，起火點疑似為2樓電器短路釀災，導致高雄名醫賴文德一家三代反應不及，造成5人死亡、2人輕傷。
2020/05/05	馬祖七二一空戰英雄歐陽漪棻於台北榮總過世，享耆壽90歲。
2020/05/10	交通部中央氣象局南投服務區測站於13時30分測得攝氏40度高溫紀錄。
2020/05/20	蔡英文及賴清德上午宣誓就任第15任中華民國總統、副總統。
2020/05/27	經濟部長沈榮津表示，目前台灣每日生產2,000萬個口罩，而政府口罩庫存量超過3億個。行政院科技部同日發布新聞說明，現階段探空火箭發射（以科研為目的）則由科技部主政。
2020/06/01	中央流行疫情指揮中心宣布，解除醫療級口罩內外銷的銷售禁令，但仍會與實名制並行，保障民眾購買權益。解禁後政府仍會每日定量徵收800萬片以供實名制購買、庫存量、戰備量等使用，剩下產量由廠商自由銷售，廠商可外銷也可在國內販售。
2020/06/02	發行三十多年的《聯合晚報》於本日停刊，（1988年2月22日至2020年6月2日）。
2020/06/04	行政院科技部預告「科技部短期科研探空火箭發射場域安全規範草案」，並將進行預告至6月17日止。由於為科研為目的，因此，發射場址將限定為（屏東縣牡丹鄉旭海村牡丹灣段）。食品藥物管理署為因應新型冠狀病毒（COVID-19）疫情緊急使用，截至同日止，已核准了4件國產檢驗試劑(核酸3件、抗體1件)之專案製造外，另外核准了19件專案輸入(核酸13件、抗體6件)。
2020/06/07	中央流行疫情指揮中心至今已成立140天（2020年1月20日至6月7日），之間陸續召開了164場記者會，因應近期嚴重特殊傳染性肺炎臺灣疫情已趨緩，未來記者會將改為一週一次，訂於每週三下午2時舉行。交通部對多項管制措施進行鬆綁，台鐵連續假期可賣站票但有數量限制；高鐵可賣自由座；車廂、班機內恢復販售飲食與商品；觀光景區和遊樂區取消人數及車輛限制。車站、捷運進站仍須量體溫，但保持社交距離下可脫口罩。電影院無需梅花座、人數不受限制，保持安全距離，可以不戴口罩。中華職棒座位採間隔梅花座但人數不受限制，保持安全距離，可以不戴口罩，現場可以飲食、販賣食物。衛生福利部整合中央及地方政府各項防疫政策的決策過程，並將此「臺灣模式」以網站「COVID-19臺灣防疫關鍵決策網页面存档备份，存于互联网档案馆」呈現，向民眾及各國說明臺灣防疫成功因素、衛生醫療體系基礎、重大政策等。
2020/06/14	同日清晨4時19分，在宜蘭縣政府東南方85.3公里的臺灣東部海域，發生芮氏規模6.0地震，地震深度為54.8公里。經濟部統計，捷克成為台灣在歐洲的第4大投資國，投資規模僅次於德國、荷蘭與英國。2019年台捷雙邊貿易額將近8.2億美元，台灣出口產品金額為4.54億美元，自捷克進口產品金額約3.65億美元
2020/06/16	世界動物衛生組織（OIE）同日晚於官網發布新聞稿，宣告代表大會通過最後決議，正式改列臺灣為「口蹄疫非疫區且不施打疫苗」。台灣正式從「口蹄疫區」除名，貿易局已透過外交使館掌握世界各主要國家進口規定，同時與農委會合作擬訂拓銷策略，促讓豬肉出口管道恢復。金管會2019年11月28日曾開放年滿7歲到18歲未成年人（得經由驗證法定代理人書面同意文件）開立數位存款帳戶。各方反應極為踴躍。為順應數位潮流，銀行局同日表示，擬再擴大開戶對象至企業戶，及增加生物辨識技術，以提高交易限額。國發會啟動外國專業人才延攬及僱用法修法，研議鬆綁「2年工作經驗」門檻及永久居留條件的可行性，以強化攬才誘因。鑒於出口商進場拋匯及外資匯入，帶動新臺幣匯價續創2年新高，新臺幣兌換美元，同日收盤價逾29.704元，升值6.6分，台北及元太外匯市場總成交金額達14.16億美元。依據2019（民108）年臺灣人死因統計結果：概述如右3點：1，受人口高齡化的影響，2019年度死亡率上升1.4%（死亡人數計17萬5,424人，較2018年增加了2,565人）。2，惡性腫瘤（癌症）、心臟疾病與肺炎居主要死因前三位。3，癌症多集中於55歲以上之高齡族群，占了85%。
2020/06/17	新臺幣兌美元接連2日升值，同日收盤再收至29.682美元，升值2.2分。睽違了2年多，再次站上29.6字頭。市場氛圍已趨向保守及觀望，臺北、元太外匯市場總成交金額同日僅9.83億美元。
2020/06/18	科技部同日新聞稿發布，瑞典（SSF）預計未來5年間投資近6千萬瑞典克朗（約折合新臺幣2億元），補助6群臺灣、瑞典合作研究計畫（研究領域將以資、通訊、生物工程及材料研究為主）。科技部也將以「雙邊協議擴充加值國際合作研究計畫」方式加值投資約新臺幣5千萬元。
2020/06/29	微軟同日公布2019年度亞太地區端點安全防護威脅報告，其中關於臺灣遭受惡意程式攻擊發生率，高於全球平均值的1.2倍。而遭受勒索軟體攻擊發生率，則高於亞太地區平均值的2.5倍、亦高於全球平均值的1.5倍。
2020/07/01	台灣大哥大宣布在0點正式開通台灣 5G服務，由台灣大哥大董事長蔡明忠表示，在台灣走過 23 個年頭的台灣大哥大，正式進入5G元年的時代。中華民國行政院振興三倍券正式開放預購及綁定页面存档备份，存于互联网档案馆。台灣與索馬利蘭正式雙方互設代表處。
2020/07/03	遠傳電信宣布，一路超前部署的「遠傳心5G」，正式開賣。
2020/07/16	交通部中央氣象局太麻里2測站於13時12分測得40.5℃高溫紀錄。
2020/08/03	藝人羅霈穎被發現在家中猝逝。
2020/08/05	中央銀行公布外匯存底，刷新三項歷史紀錄页面存档备份，存于互联网档案馆。其中7月外匯存底4,961.71億美元創下新高，較6月大增74.8億美元，並即將突破5,000億美元大關；另外，外資持有國內股票、債券等新台幣資產市值合計4,949億美元，約當外匯存底的99.7%，金額與比率雙雙締造新猷。
2020/08/09	美國衛生及公共服務部部長亚历克斯·阿扎訪問臺灣，就美國總統繼任順序而言，為1979年臺美斷交以來訪臺層級最高的美國內閣官員。
2020/08/10	總統蔡英文今日上午接見來訪的美國衛生部長亞歷克斯·阿薩爾。阿薩爾在致詞時強調，此行傳達美國總統川普對臺灣的強力友誼及支持；此行將著重在臺灣的醫衛成就及防疫成就，及如何能夠跟美國進一步合作，來預防偵測及回應各項公衛挑戰。阿薩爾在致詞與會面過程中不管是打招呼或致詞中都使用「總統」（President）尊稱蔡英文。下午，在衛福部長陳時中及訪臺的美國衛生及公共服務部部長亞歷克斯·阿薩爾的共同見證下，由臺灣美國事務委員會主任委員楊珍妮及美國在台協會台北辦事處處長酈英傑代表雙方於臺北簽署「醫衛合作瞭解備忘錄」。
2020/08/15	2020年高雄市市長補選投票，最後由民主進步黨的陳其邁當選。
2020/08/23	總統蔡英文前往金門主持八二三砲戰62週年公祭暨追思活動，為當年殉國將士們上香獻花。同時美國在台協會處長酈英傑（William Brent Christensen）也前赴金門出席追思活動，成為首位出席八二三紀念活動的AIT處長。酈英傑在追悼活動後也前往金門水頭碼頭，在兩位美國軍官孟登道（Alfred Medendorp）中校和法蘭克．林恩（Frank W. Lynn）中校的紀念碑前獻花致意。AIT表示，這兩位軍官於1954年金門九三砲戰中與台灣同袍一同抵禦中華人民共和國，在猛烈砲火攻擊中英勇殉職。並稱臺美合作是建立在「真朋友，真進展」的歷史之上。AIT被視為以實際行動釋出正面訊息，強調臺美關係緊密。
2020/08/25	外交部表示，考量臺灣與法國在經貿、科技、文教等領域合作交流不斷深化，經妥善研議結果，規劃在法國南部的艾克斯普羅旺斯市(Aix-en-Provence)設立「駐普羅旺斯台北辦事處」，各項籌備作業正持續進行。成為我國在法國的第二間外館，也是今年外交部宣布新增的第三間駐外館處。
2020/08/28	成吉思汗健身房館長陳之漢於凌晨兩點遭人槍擊，傷及四肢，並無生命危險。農委會預告修正動物用藥品管理法第五條第一款：「乙型受體素（β-agonist）為禁止製造、調劑、輸入、輸出、販賣或陳列之藥品。但不包括作為供牛及豬隻使用之萊克多巴胺（Ractopamine）含藥物飼料添加物。」總統蔡英文宣布將於2021年起開放30月齡以上美國牛肉及含萊克多巴胺之美國豬肉進口。黨產會依《政黨及其附隨組織不當取得財產處理條例》認定婦聯會、中投、欣裕台、國發、民族、民權等6個組織為國民黨的附隨組織，並凍結其資產，引起該6個組織不服，向台北高等行政法院提起訴訟，承審的7名法官質疑黨產條例有違憲之虞，聲請釋憲。大法官會議今日公布釋字793號解釋，指出法官所提的違憲爭議均屬合憲。
2020/08/30	捷克參議院議長維特齊（Miloš Vystrčil）今日率團抵臺。訪團成員除了參議院領袖和資深參議員，還有布拉格市長賀瑞普（Zdeněk Hřib）、捷克科學院副院長、大學校長、布拉格愛樂樂團總監等學界和文化界人士以及企業領袖和媒體代表。新竹市國際風箏節在施放糖果風箏時，意外纏住一位女童，將其捲往空中持續30秒，所幸女童平安落地，僅受到驚嚇與輕微擦傷。
2020/09/01	捷克參議院議長維特齊（Miloš Vystrčil）今日在立法院發表演說，他引前美國總統甘迺迪於1963年在西柏林演「我是柏林人」名言，並以中文表示「我是台灣人」，藉此向台灣人民表示支持；與會朝野立委報以熱烈掌聲。維特齊立法院睽違45年後，再度有外國議長在議場發表演說。維特齊也是非邦交國議長中第一人。農委會農田水利署將在10月1日掛牌，將依《農田水利法》第23條，接收原本在台灣各地的農田水利會的資產。引發「反消滅水利會全國自救會」抗爭。「自費醫材上限」政策正式實施，原為衛福部健保署公定上限價，現改為17個學會參與制定【極端價格】。
2020/09/02	外交部正式公佈台湾最新護照樣式，主要亮點是凸顯台灣、英文名調整呈現方式，將英文字「TAIWAN放大、ROC縮小」。
2020/09/03	加利科技有限公司八里廠於2020年8月間，輸入數批約337萬餘片非醫療用口罩，於廠內分裝改標以醫療用名義混充醫療用銷售。Google臺灣證實，Google相中雲林購地，在台設第3座資料中心。副總統賴清德也感謝Google對台灣的投資，稱其智慧台灣計畫策略和成效，已經成為台灣轉型智慧國家最重要的夥伴之一，期盼未來雙方能夠有更多及更緊密的合作機會，創造雙贏。
2020/09/04	遠傳電信與亞太電信晚間召開記者會，宣布雙方將展開5G頻譜、網路共用（簡稱共頻共網）計畫，以「3.5GHz頻段」為首波合作內容。
2020/09/13	武界壩無預警放水事故，造成4人死亡的意外。
2020/09/14	偷渡到中國的朱雪璋被遣返回臺灣。
2020/09/16	藝人黃鴻升被父親發現於家中猝逝，推斷死亡時間為9月15日。
2020/09/17	美國國務院次卿柯拉克（Keith Krach）於傍晚飛抵臺北松山機場，成為1979年美國與中華民國斷交以來，訪臺層級最高的現任國務院官員。中华人民共和国方面在柯拉克访台期间及稍后，采取了台海军演、共機擾台、否认台灣海峽中線等一系列军事、政治动作。國防安全研究院《2020中共政軍發展評估報告》形容为“[中华人民共和国]對台灣軍事恫嚇的強度”“達到[1996年台海危機後]近20年來的最高點”。
2020/09/18	美國國務院次卿柯拉克今日於臺北萬豪酒店與行政院副院長沈榮津、經濟部長王美花、政務委員鄧振中等人會晤，就未來經濟暨商業對話做準備，時間約3小時。總統蔡英文晚間於官邸宴請柯拉克代表團。從蔡總統晚間在臉書發布的照片看，受邀者包括台積電創辦人張忠謀，張忠謀也是唯一受邀的民間企業人士。張忠謀的受邀也被視為台積電扮演著臺美供應鏈合作的重要連結。
2020/09/19	臺中市龍井區發生爆炸案，引發建築物火災（英语：structure fire），造成4死1傷。
2020/09/21	GMP藥廠杏輝，於9月11日被發現6款藥品有效成分不到90%，全面回收。食藥署進一步清查後，9月21日再發現14款劣質藥品，未按時檢驗、軟膏變色，藥廠卻未及時處理，除要求下架，依法開罰將新台幣3萬至200萬元，並於10月6日前限期改善。
2020/09/24	司法院第187次院會通過民事訴訟法第114條之1修正草案，新聞稿说明事涉2017年8月发生的“貧女8403事件”。
2020/10/13	總統蔡英文同日前往海拔2，620公尺的樂山雷達站巡視指導，並表示長程飛彈的預警是國防任務重中之重。國安幕僚指出，蔡總統同日前往樂山雷達站，視察守衛樂山雷達站的防空連，「具有重要的戰略意義」。樂山雷達站所監控的範圍，幾乎含括東北亞至東南亞地區，特別在近期一段時間，中國的軍事行動頻頻，樂山雷達站的工作，就是精準掌握導彈及衛星等各項空中訊息，進行精準預判，並即時給予各單位最迅速的情資，讓各單位能夠迅速應變。
2020/10/22	台大與台灣人工智慧實驗室等單位合作，透過科技部經費支持，自已知臨床安全性藥物為起點，以生物資訊技術，進行作用目標蛋白及藥物化合物親和力模擬預測，並將結果建立成DockCoV2資料庫，公開讓全球醫學研究團隊參考使用，利加速武漢肺炎的解方搜尋。。
2020/10/28	發生長榮大學外籍生命案，本案震驚台灣、馬來西亞兩地，總統蔡英文向家屬、馬來西亞國家與人民表達至深歉意。
2020/10/29	發生空軍F-5E戰機墜毀事故，一架隸屬中華民國空軍編號5261的F-5E戰鬥機當日上午於台東執行任務，起飛不到2分鐘因發動機失效墜落志航基地北面1浬海域，飛官朱冠甍上尉跳傘落海，經搶救不治殉職。
2020/11/10	總統蔡英文宣布台積電創辦人張忠謀出任第28屆馬來西亞APEC峰會（線上），這是他第四度擔任領袖代表。
2020/11/14	駐美國大使蕭美琴代表中華民國政府致電拜登首席外交政策顧問布林肯，恭賀美國總統當選人拜登與副總統當選人賀錦麗，期待臺灣與美國持續深化雙邊的合作關係。
2020/11/15	新北捷運淡海輕軌藍海線第一期通車。
2020/11/17	亞太15國簽署「區域全面經濟夥伴關係協定」，成員國享有關稅優惠，台灣因一個中國政策未能參與其中。空軍一架F-16A戰機，晚間6時5分從花蓮起飛執行夜航訓練，6時17分光點從雷達消失，失蹤位置在花蓮機場東北面9浬，駕駛員為空軍第26作戰隊隊長，蔣正志上校失蹤。
2020/11/18	NCC召開換照審查，會中投票結果以7比0全數通過否決了中天新聞台換照，宣布不予換照，其執照在12月11日到期，有線電視（52頻道）已於12月12日零時起停播。
2020/11/20	首屆臺美經濟繁榮夥伴對話於華府展開，在美國國務次卿柯拉克與經濟部次長陳正祺見證下，駐美國大使蕭美琴與美國在臺協會執行理事藍鶯簽署合作瞭解備忘錄，確認半導體等領域的戰略合作為雙方優先項目。
2020/11/22	勞工秋鬥大遊行以「反毒豬、反雙標、反黨國」為主題上街頭，達3萬多人成為歷史新高。
2020/11/24	臺灣國際造船公司舉行海軍潛艦國造原型艦開工典禮，總統蔡英文、國防部長嚴德發、國安會祕書長顧立雄、美國在臺協會（AIT）處長酈英傑等人皆出席儀式。
2020/11/30	台灣股市加權指數成交值爆出4096.86億元的歷史天量。
2020/12/01	「因應秋冬COVID-19疫情防治專案」開始正式實施，要求進入「醫療照護、大眾運輸、生活消費、教育學習、觀展觀賽、休閒娛樂、宗教祭祀、洽公」等八大類場所應佩戴口罩，如不配合經勸導不聽者，將依法處3000元至1萬5000元罰鍰。
2020/12/07	食藥署成為「國際化粧品法規合作會議」(International Cooperation on Cosmetics Regulation，簡稱ICCR)第14屆年度會議成為正式會員，寫下我國與國際化粧品法規合作新一頁，可代表食藥署近年致力於化粧品管理法規趨向國際化之努力獲得肯定。
2020/12/10	臺灣宜蘭近海21時19分發生發生規模6.7有感地震，震央位於宜蘭縣政府東方27.2公里(位於臺灣東部海域)，氣象局亦發布國家級警報。震度4級以上地區包括宜蘭、台北、新北、基隆、桃園、新竹，苗栗，目前暫無災情傳出。
2020/12/12	凌晨零時起，因中天新聞台不予換照事件，中天新聞台於有線電視台停播，轉往YouTube上直播經營。
2020/12/15	海軍沱江級巡邏艦首艘後續量產型艦，今日於宜蘭縣龍德造船廠下水，由總統蔡英文主持，並以原住民意涵命名「塔江艦」。塔江艦快速布雷艇搭載T-74排用機槍、T-75-20機砲，並有中科院研發的自動化布雷系統。「塔江」取自台東縣塔瓦溪，流域屬排灣族生活範圍，排灣族自古以狩獵為主要經濟活動，代代傳承狩獵文化，天性具有不畏艱難、善戰精神，是塔江軍艦官兵的效法對象。「塔江艦」除原有雄風反艦飛彈、76快砲及方陣快砲，更搭載海劍二防空飛彈，預計2023年前再打造2艘同型艦。
2020/12/20	一名30多歲臺灣籍女性（案771）因接觸染疫的長榮航空紐西蘭籍機師（案765）而確診COVID-19，終止臺灣連續253天無本土案例紀錄。美國海軍伯克級飛彈驅逐艦「馬斯廷」號（USS Mustin）航行經過台灣海峽，這是今年美國軍艦群第12次航經台灣海峽。
2020/12/21	美國參議院、眾議院通過《臺灣保證法》，美臺軍售步入常態化，除增強臺灣不對稱作戰自我防衛能力，也支持臺灣有意義參與國際組織，同時建議國務院檢討對臺交往準則、及報告《臺灣旅行法》執行情況等。
2020/12/23	前台北市議員賴素如被控在台北雙子星案中收賄，向太極雙星開發團隊索賄1500萬，並收下前金100萬元。台灣高等法院更一審依公務員對於職務上行為收受賄賂罪，判處有期徒刑7年6月，褫奪公權4年，犯罪所得100萬元沒收。賴素如再上訴最高法院，但最高法院認為，更一審判決已詳細說明為何認定賴素如犯罪，並無違法情形，今日駁回賴素如的上訴，全案定讞。並通知檢方啟動防逃機制。屢次爆出爭議的知名房東張淑晶，被指控自2013年起涉嫌誣告房客，受害者多達78人，一審新北地院依18件誣告罪判處8年2月，其中1年2月得易科罰金。案經上訴，臺灣高等法院今日上午二審做出判決，誣告罪部分加重判處9年8月，其中1年2月得易科罰金部分定讞，其餘可上訴。臺灣COVID-19疫情相隔253天後又出現本土個案-廣明女員工（案771 ）公布對案771匡列的170位接觸者的二採結果，皆為陰性。。
2020/12/24	立法院院會表決通過進口含萊克多巴胺美豬、30月齡以上美牛的9項行政命令與附帶決議，以及相關條文修正草案，2021年1月1日起施行。
2020/12/25	立法院三讀通過民法修正案，法定成人年齡將由現行20歲下修為18歲，2023年1月1日生效。嘉義一名男子因竄改維基百科蔡易餘條目被嘉義地方法院判刑。
2020/12/27	美國總統唐納·川普簽署《臺灣保證法》。
2020/12/30	台灣股市加權指數盤中達到14695.44點，再創下歷史高點。收14687.7點，再創收盤歷史紀錄，今日成交量2617億元。
2020/12/31	自31日起藥局先行開賣，實名制口罩從原本14天9片45元，調整為14天10片40元且為源頭獨立包裝、標示生產商。
